symbol,name,followers
00700,腾讯控股,2809442.0
01810,小米集团-W,1733693.0
03690,美团-W,1439976.0
01918,融创中国,1302473.0
09988,阿里巴巴-W,561859.0
02318,中国平安,404042.0
00981,中芯国际,379473.0
03968,招商银行,336701.0
01988,民生银行,274520.0
03888,金山软件,223470.0
09992,泡泡玛特,216590.0
02020,安踏体育,173409.0
01211,比亚迪股份,156396.0
00175,吉利汽车,154893.0
01093,石药集团,153975.0
00883,中国海洋石油,148560.0
01024,快手-W,145761.0
06030,中信证券,123127.0
00388,香港交易所,122475.0
00345,维他奶国际,119169.0
09618,京东集团-SW,117941.0
01830,完美医疗,115806.0
09633,农夫山泉,113748.0
00941,中国移动,111306.0
02269,药明生物,105610.0
01797,东方甄选,102521.0
00656,复星国际,101964.0
06862,海底捞,97720.0
00005,汇丰控股,96942.0
01919,中远海控,94840.0
02007,碧桂园,94139.0
00874,白云山,93537.0
02196,复星医药,92205.0
00853,微创医疗,89593.0
00763,中兴通讯,85313.0
02202,万科企业,85209.0
09926,康方生物,85167.0
01088,中国神华,83514.0
02899,紫金矿业,81162.0
03613,同仁堂国药,80863.0
01177,中国生物制药,78251.0
00939,建设银行,75736.0
09626,哔哩哔哩-W,75704.0
02333,长城汽车,75694.0
01398,工商银行,74911.0
03606,福耀玻璃,74586.0
02513,智谱,74178.0
00241,阿里健康,73797.0
09868,小鹏集团-W,71532.0
02319,蒙牛乳业,70218.0
06160,百济神州,70143.0
01928,金沙中国有限公司,69891.0
02331,李宁,69833.0
01347,华虹宏力,69311.0
02015,理想汽车-W,69143.0
01299,友邦保险,69091.0
01548,金斯瑞生物科技,68194.0
01801,信达生物,67741.0
09888,百度集团-W,66642.0
02359,药明康德,66454.0
02382,舜宇光学科技,66197.0
00992,联想集团,65318.0
00020,商汤-W,64555.0
01060,大麦娱乐,61812.0
03800,协鑫科技,60598.0
06186,中国飞鹤,60101.0
06969,思摩尔国际,58648.0
01357,美图公司,57784.0
00914,海螺水泥,57412.0
01816,中广核电力,56868.0
01833,平安好医生,56092.0
09880,优必选,55965.0
00285,比亚迪电子,55233.0
03988,中国银行,54837.0
01448,福寿园,53554.0
03323,中国建材,52967.0
00728,中国电信,52662.0
00857,中国石油股份,52314.0
00772,阅文集团,51605.0
01378,中国宏桥,50750.0
01336,新华保险,49805.0
00386,中国石油化工股份,49452.0
09999,网易,49298.0
09660,地平线机器人-W,48754.0
00799,IGG,48379.0
01772,赣锋锂业,48243.0
00762,中国联通,47646.0
01766,中国中车,47509.0
09995,荣昌生物,47476.0
02400,心动公司,47030.0
00100,MINIMAX-W,45872.0
00836,华润电力,45661.0
03900,绿城中国,45348.0
02618,京东物流,45002.0
00998,中信银行,44531.0
02097,蜜雪集团,44044.0
03993,洛阳钼业,43971.0
01171,兖矿能源,43836.0
06618,京东健康,43792.0
06060,众安在线,43421.0
01951,锦欣生殖,43336.0
06055,中烟香港,43213.0
01288,农业银行,43163.0
00867,康哲药业,41848.0
01030,新城发展,41821.0
00819,天能动力,41469.0
02186,绿叶制药,40584.0
02018,瑞声科技,40111.0
09866,蔚来-SW,39953.0
00966,中国太平,39692.0
02628,中国人寿,39662.0
03933,联邦制药,39535.0
00960,龙湖集团,39012.0
01952,云顶新耀,38899.0
02228,晶泰控股,38348.0
00001,长和,37980.0
02013,微盟集团,37582.0
00268,金蝶国际,37502.0
00493,国美零售,37441.0
00288,万洲国际,37414.0
01530,三生制药,37092.0
00916,龙源电力,36350.0
01375,中州证券,36318.0
00902,华能国际电力股份,36305.0
00291,华润啤酒,36035.0
00708,恒大汽车,35877.0
01109,华润置地,35560.0
00817,中国金茂,35353.0
02600,中国铝业,35246.0
01068,雨润食品,35228.0
02338,潍柴动力,35155.0
00189,东岳集团,34516.0
01359,中国信达,34022.0
03908,中金公司,33659.0
02601,中国太保,33520.0
00390,中国中铁,33201.0
06181,老铺黄金,32974.0
06682,范式智能,32953.0
08083,有赞,32755.0
06098,碧桂园服务,32690.0
06869,长飞光纤光缆,32161.0
01818,招金矿业,32149.0
01610,中粮家佳康,32136.0
01579,颐海国际,32077.0
01099,国药控股,31779.0
02498,速腾聚创,31466.0
01888,建滔积层板,31357.0
01811,中广核新能源,31355.0
00968,信义光能,31344.0
01458,周黑鸭,31151.0
00880,澳博控股,30790.0
02799,中信金融资产,30731.0
01128,永利澳门,30642.0
03328,交通银行,30258.0
06185,康希诺生物,30224.0
02099,中国黄金国际,30120.0
09961,携程集团-S,29897.0
03750,宁德时代,29792.0
00322,康师傅控股,29757.0
02298,都市丽人,29622.0
09863,零跑汽车,29347.0
00788,中国铁塔,29195.0
09696,天齐锂业,29131.0
02238,广汽集团,29013.0
02233,西部水泥,28716.0
01860,汇量科技,28398.0
02208,金风科技,28383.0
06855,亚盛医药,28145.0
02380,中国电力,28116.0
01339,中国人民保险集团,27502.0
01658,邮储银行,27322.0
01877,君实生物,27215.0
01114,华晨中国,27127.0
02367,巨子生物,26898.0
09896,名创优品,26630.0
09922,九毛九,26513.0
03320,华润医药,26467.0
00220,统一企业中国,26465.0
00392,北京控股,26179.0
00316,东方海外国际,25715.0
01898,中煤能源,25590.0
00570,中国中药,25535.0
02313,申洲国际,25434.0
02727,上海电气,25409.0
00354,中国软件国际,25380.0
06886,华泰证券,24871.0
01788,国泰君安国际,24642.0
01208,五矿资源,24591.0
00358,江西铜业股份,24524.0
00151,中国旺旺,24471.0
00027,银河娱乐,24349.0
00148,建滔集团,24024.0
03896,金山云,23910.0
02226,老恒和酿造,23889.0
00688,中国海外发展,23797.0
01787,山东黄金,23691.0
06690,海尔智家,23664.0
00302,中手游,23630.0
00139,小鱼盈通,23131.0
01186,中国铁建,23110.0
00991,大唐发电,22930.0
03692,翰森制药,22742.0
02669,中海物业,22611.0
06881,中国银河,22590.0
00486,俄罗斯铝业,22465.0
00520,呷哺呷哺,22393.0
01258,中国有色矿业,22392.0
09688,再鼎医药,22172.0
03998,波司登,22147.0
00699,均胜电子,22115.0
02388,中银香港,21933.0
02357,中航科工,21931.0
02150,奈雪的茶,21776.0
01138,中远海能,21710.0
03883,中国奥园,21671.0
06078,海吉亚医疗,21597.0
00696,中国民航信息网络,21590.0
06088,鸿腾精密科技,21585.0
09901,新东方-S,21492.0
02607,上海医药,21413.0
06049,保利物业,21401.0
02282,美高梅中国,21284.0
01880,中国中免,21210.0
03396,联想控股,20895.0
01072,东方电气,20866.0
01666,同仁堂科技,20779.0
06699,时代天使,20583.0
00168,青岛啤酒股份,20548.0
01066,威高股份,20328.0
03759,康龙化成,20281.0
02888,渣打集团,20005.0
00305,五菱汽车,19919.0
02883,中海油田服务,19743.0
01585,雅迪控股,19649.0
01113,长实集团,19622.0
02268,药明合联,19579.0
03898,时代电气,19515.0
01958,北京汽车,19271.0
01515,华润医疗,19237.0
03986,兆易创新,19104.0
03618,重庆农村商业银行,19040.0
03696,英矽智能,18998.0
02252,微创机器人-B,18994.0
02577,英诺赛科,18939.0
01055,中国南方航空股份,18634.0
06099,招商证券,18632.0
02158,医渡科技,18625.0
02866,中远海发,18593.0
01789,爱康医疗,18548.0
00460,四环医药,18529.0
00410,SOHO中国,18526.0
09985,卫龙美味,18519.0
00384,中国燃气,18479.0
01516,融创服务,18431.0
00371,北控水务集团,18422.0
01157,中联重科,18384.0
01896,猫眼娱乐,18287.0
02688,新奥能源,18188.0
01368,特步国际,18131.0
00753,中国国航,17963.0
02369,酷派集团,17731.0
00013,和黄医药,17532.0
01071,华电国际电力股份,17531.0
00751,创维集团,17429.0
00136,中国儒意,17383.0
06066,中信建投证券,17269.0
01317,枫叶教育,17222.0
00884,旭辉控股集团,17123.0
01776,广发证券,17121.0
01038,长江基建集团,17023.0
02096,先声药业,16996.0
00868,信义玻璃,16990.0
00697,首程控股,16986.0
00135,昆仑能源,16934.0
01193,华润燃气,16914.0
09969,诺诚健华,16876.0
00512,远大医药,16771.0
00300,美的集团,16710.0
03347,泰格医药,16703.0
00694,北京首都机场股份,16594.0
06666,恒大物业,16484.0
03383,雅居乐集团,16473.0
01799,新特能源,16463.0
01112,H&H国际控股,16462.0
01800,中国交通建设,16398.0
01164,中广核矿业,16339.0
01044,恒安国际,16227.0
06082,壁仞科技,16157.0
06993,蓝月亮集团,16148.0
01638,佳兆业集团,15870.0
01618,中国中冶,15847.0
01513,丽珠医药,15818.0
00119,保利置业集团,15817.0
02666,环球医疗,15776.0
02328,中国财险,15739.0
00813,世茂集团,15558.0
00777,网龙,15445.0
02611,国泰海通,15441.0
01929,周大福,15384.0
00546,阜丰集团,15312.0
03899,中集安瑞科,15288.0
01302,先健科技,15155.0
00806,惠理集团,15127.0
02689,玖龙纸业,15073.0
00336,华宝国际,15059.0
00267,中信股份,15031.0
00558,力劲科技,15010.0
06865,福莱特玻璃,14952.0
01333,博雷顿,14951.0
00317,中船防务,14912.0
00165,中国光大控股,14872.0
09966,康宁杰瑞制药-B,14865.0
00257,光大环境,14802.0
00144,招商局港口,14776.0
01478,丘钛科技,14747.0
00956,新天绿色能源,14529.0
02460,华润饮料,14520.0
00769,中国稀土,14505.0
02777,富力地产,14459.0
02142,和铂医药-B,14372.0
01209,华润万象生活,14303.0
00297,中化化肥,14223.0
02259,紫金黄金国际,14210.0
00975,蒙古焦煤,14193.0
09987,百胜中国,14182.0
01812,晨鸣纸业,14172.0
02050,三花智控,14110.0
06809,澜起科技,14016.0
02533,黑芝麻智能,13977.0
02423,贝壳-W,13860.0
01053,重庆钢铁股份,13858.0
03698,徽商银行,13849.0
00881,中升控股,13769.0
00522,ASM 太平洋,13600.0
01276,恒瑞医药,13581.0
00200,新濠国际发展,13539.0
00586,海螺创业,13406.0
01999,敏华控股,13397.0
03918,金界控股,13387.0
09911,赤子城科技,13369.0
02696,复宏汉霖,13357.0
03931,中创新航,13355.0
03319,雅生活服务,13339.0
03308,中际旭创,13273.0
06808,高鑫零售,13223.0
01798,大唐新能源,13194.0
02616,基石药业-B,13160.0
00327,百富环球,13147.0
00598,中国外运,13059.0
02602,万物云,13047.0
01133,哈尔滨电气,12789.0
02877,神威药业,12691.0
03309,希玛医疗,12637.0
00780,同程旅行,12622.0
01179,华住集团-S,12547.0
01428,耀才证券金融,12543.0
03738,阜博集团,12531.0
00934,中石化冠德,12530.0
00719,山东新华制药股份,12388.0
00670,中国东方航空股份,12388.0
00293,国泰航空,12302.0
01349,复旦张江,12282.0
09899,网易云音乐,12258.0
02869,绿城服务,12206.0
06199,贵州银行,12193.0
03380,龙光集团,12192.0
02128,中国联塑,12172.0
01070,TCL电子,12146.0
01858,春立医疗,12116.0
09927,赛力斯,12008.0
06198,青岛港,11948.0
03833,新疆新鑫矿业,11897.0
03330,灵宝黄金,11890.0
00270,粤海投资,11836.0
02137,腾盛博药-B,11812.0
03306,江南布衣,11810.0
06818,中国光大银行,11792.0
06127,昭衍新药,11786.0
02476,胜宏科技,11722.0
01308,海丰国际,11655.0
01361,361度,11644.0
00116,周生生,11640.0
02171,科济药业-B,11620.0
01876,百威亚太,11611.0
01698,腾讯音乐-SW,11569.0
06178,光大证券,11565.0
00123,越秀地产,11463.0
02556,迈富时,11435.0
01508,中国再保险,11425.0
00837,谭木匠,11405.0
02039,中集集团,11375.0
00839,中教控股,11352.0
00579,京能清洁能源,11219.0
01681,康臣药业,10934.0
03316,滨江服务,10888.0
09939,开拓药业-B,10887.0
02469,粉笔,10778.0
02302,中核国际,10759.0
02500,启明医疗-B,10748.0
02858,易鑫集团,10747.0
01773,天立国际控股,10733.0
09858,优然牧业,10702.0
01318,毛戈平,10683.0
02378,保诚,10681.0
00451,时代数字,10664.0
00337,绿地香港,10659.0
00506,中国食品,10634.0
03311,中国建筑国际,10596.0
01672,歌礼制药-B,10545.0
00017,新世界发展,10506.0
00434,博雅互动,10400.0
01866,中国心连心化肥,10394.0
01910,新秀丽,10374.0
01316,耐世特,10319.0
01364,古茗,10290.0
02432,越疆,10265.0
02525,禾赛-W,10235.0
03990,美的置业,10228.0
02002,阳光纸业,10223.0
02280,慧聪集团,10220.0
01045,亚太卫星,10208.0
01995,永升服务,10138.0
06979,珍酒李渡,10097.0
00826,天工国际,10083.0
01117,现代牧业,10070.0
00177,江苏宁沪高速公路,10055.0
01415,高伟电子,10045.0
00921,海信家电,9992.0
09973,奇瑞汽车,9985.0
00710,京东方精电,9975.0
01528,红星美凯龙,9930.0
06990,科伦博泰生物,9897.0
01611,新火集团,9893.0
01167,加科思-B,9892.0
01233,时代中国控股,9877.0
03668,兖煤澳大利亚,9874.0
00338,上海石油化工股份,9865.0
01385,上海复旦,9769.0
06693,赤峰黄金,9766.0
01668,华南城,9757.0
02362,金川国际,9736.0
00363,上海实业控股,9730.0
00323,马鞍山钢铁股份,9690.0
00425,敏实集团,9677.0
00101,恒隆地产,9672.0
00568,山东墨龙,9641.0
00082,疯狂体育,9636.0
00066,港铁公司,9602.0
09698,万国数据-SW,9590.0
03996,中国能源建设,9584.0
00325,布鲁可,9578.0
03699,光大永年,9561.0
00081,中国海外宏洋集团,9504.0
02162,康诺亚-B,9503.0
06821,凯莱英,9500.0
01238,宝龙地产,9491.0
02009,金隅集团,9474.0
02005,石四药集团,9466.0
00439,瀚源控股,9444.0
00347,鞍钢股份,9380.0
03377,远洋集团,9334.0
00909,明源云,9322.0
06880,MOMENTA-W,9316.0
00152,深圳国际,9283.0
03393,威胜控股,9257.0
03983,中海石油化学,9254.0
06166,剑桥科技,9237.0
00069,香格里拉(亚洲),9236.0
01519,极兔速递-W,9236.0
03700,映宇宙,9218.0
00564,中创智领,9157.0
00816,金茂服务,9148.0
00016,新鸿基地产,9136.0
00951,超威动力,9136.0
01755,新城悦服务,9050.0
00400,硬蛋创新,9037.0
00485,中国华星,9000.0
01911,华兴资本控股,8979.0
06169,宇华教育,8965.0
81810,小米集团-WR,8960.0
00357,美兰空港,8954.0
06826,昊海生物科技,8947.0
00855,中国水务,8933.0
01091,南方锰业,8898.0
03808,中国重汽,8895.0
02314,理文造纸,8895.0
00639,首钢资源,8810.0
00552,中国通信服务,8788.0
01313,华润建材科技,8781.0
01963,重庆银行,8779.0
00567,金安智能,8769.0
03958,东方证券,8728.0
06936,顺丰控股,8697.0
02160,微创心通-B,8694.0
00376,云锋金融,8693.0
00142,第一太平,8669.0
09996,沛嘉医疗-B,8647.0
01330,绿色动力环保,8636.0
02126,药明巨诺-B,8620.0
03669,永达汽车,8583.0
09903,天数智芯,8495.0
00548,深圳高速公路股份,8484.0
02698,乐舒适,8433.0
00686,北京能源国际,8417.0
00829,神冠控股,8396.0
02001,新高教集团,8380.0
00581,中国东方集团,8347.0
01086,好孩子国际,8341.0
00811,新华文轩,8333.0
00995,安徽皖通高速公路,8322.0
01873,维亚生物,8285.0
01199,中远海运港口,8274.0
02342,京信通信,8247.0
00538,味千(中国),8220.0
00551,裕元集团,8211.0
00341,大家乐集团,8198.0
00006,电能实业,8197.0
01456,国联民生,8179.0
00669,创科实业,8144.0
03818,中国动向,8127.0
09923,移卡,8113.0
00107,四川成渝高速公路,8044.0
09898,微博-SW,8000.0
02386,中石化炼化工程,7978.0
00698,通达集团,7960.0
03339,中国龙工,7932.0
00085,中电华大科技,7860.0
03600,现代牙科,7848.0
01057,浙江世宝,7811.0
00596,浪潮数字企业,7793.0
01234,中国利郎,7786.0
00517,中远海运国际,7771.0
00800,文远知行-W,7767.0
00169,万达酒店发展,7725.0
00861,神州控股,7687.0
02172,微创脑科学,7679.0
01763,中国同辐,7673.0
01813,合景泰富集团,7668.0
06110,滔搏,7654.0
01205,中信资源,7572.0
00003,香港中华煤气,7551.0
02155,森松国际,7541.0
09990,祖龙娱乐,7515.0
03969,中国通号,7503.0
01972,太古地产,7466.0
00607,丰盛控股,7386.0
01882,海天国际,7357.0
02722,重庆机电,7355.0
01908,建发国际集团,7349.0
00631,三一国际,7337.0
00010,恒隆集团,7336.0
00535,金地商置,7333.0
01879,曦智科技-P,7316.0
01260,皓天财经集团,7304.0
01777,花样年控股,7282.0
01765,希教国际控股,7262.0
00873,世茂服务,7254.0
03788,罕王黄金,7242.0
00683,嘉里建设,7242.0
01033,中石化油服,7235.0
01371,中国生态旅游,7231.0
02678,天虹国际集团,7204.0
00179,德昌电机控股,7188.0
03650,KEEP,7160.0
01769,思考乐教育,7110.0
01132,橙天嘉禾,7104.0
03317,迅策,7082.0
01778,彩生活,7063.0
07489,岚图汽车,7058.0
00002,中电控股,7057.0
00382,中汇集团,7056.0
01061,亿胜生物科技,7025.0
01848,中国飞机租赁,7013.0
08123,华亿金控,6964.0
06955,博安生物,6932.0
03666,上海小南国,6923.0
00576,浙江沪杭甬,6916.0
02121,创新奇智,6915.0
02038,富智康集团,6884.0
09606,映恩生物-B,6863.0
06068,光正教育,6855.0
02510,德翔海运,6841.0
00732,信利国际,6832.0
02255,海昌海洋公园,6831.0
03877,中国船舶租赁,6829.0
01980,天鸽互动,6823.0
09979,绿城管理控股,6813.0
01717,澳优,6810.0
02552,华领医药-B,6789.0
00272,瑞安房地产,6768.0
00754,合生创展集团,6759.0
09869,海伦司,6722.0
00467,联合能源集团,6708.0
00320,金宝通,6678.0
02057,中通快递-W,6662.0
00815,中国白银集团,6615.0
00604,深圳控股,6590.0
00636,KLN,6585.0
06655,华新建材,6582.0
01477,欧康维视生物-B,6572.0
03301,融信中国,6503.0
00308,香港中旅,6500.0
01119,创梦天地,6490.0
00197,亨泰,6470.0
00182,协合新能源,6466.0
08246,中华燃气,6447.0
00052,大快活集团,6446.0
00743,亚洲水泥(中国),6428.0
01098,路劲,6403.0
01541,宜明昂科-B,6388.0
03378,翰思艾泰-B,6377.0
06998,亿腾嘉和,6339.0
02343,太平洋航运,6339.0
00411,南顺(香港),6338.0
06613,蓝思科技,6332.0
01108,凯盛新能,6296.0
00657,环科国际,6290.0
00805,新吉奥房车,6287.0
00856,伟仕佳杰,6286.0
06651,五一视界,6243.0
01521,方达控股,6239.0
02145,上美股份,6229.0
02617,药捷安康-B,6204.0
00419,弘毅文化集团,6200.0
06288,迅销,6185.0
02198,中国三江化工,6179.0
06123,圆通国际快递,6167.0
02157,乐普生物,6123.0
03337,安东油田服务,6109.0
01165,顺风清洁能源,6091.0
00031,航天控股,6080.0
06680,金力永磁,6063.0
02016,浙商银行,6048.0
01696,复锐医疗科技,6026.0
01104,亚太资源,6020.0
00667,中国东方教育,6017.0
00818,高阳科技,5974.0
03399,粤运交通,5936.0
01691,JS环球生活,5925.0
00012,恒基地产,5912.0
06896,金嗓子,5896.0
00218,申万宏源香港,5892.0
02197,三叶草生物-B,5858.0
03836,和谐汽车,5831.0
00038,第一拖拉机股份,5821.0
02507,西锐,5812.0
02588,中银航空租赁,5793.0
01083,港华智慧能源,5783.0
02273,固生堂,5777.0
03360,远东宏信,5777.0
00133,招商局中国基金,5769.0
09887,维立志博-B,5762.0
06158,正荣地产,5751.0
03288,海天味业,5744.0
02051,VALA,5743.0
01913,普拉达,5688.0
06806,申万宏源,5676.0
01022,飞鱼科技,5660.0
02517,锅圈,5643.0
08269,倍升教育科技,5635.0
01733,易大宗,5612.0
02279,雍禾医疗,5601.0
01051,国际资源,5572.0
00590,六福集团,5563.0
02256,和誉-B,5554.0
01405,达势股份,5552.0
00547,数字王国,5540.0
02188,泰坦能源技术,5515.0
00178,莎莎国际,5447.0
00895,东江环保,5434.0
06660,艾美疫苗,5433.0
00525,广深铁路股份,5419.0
03939,万国黄金集团,5417.0
01052,越秀交通基建,5414.0
00508,鼎亿集团投资,5400.0
00087,太古股份公司B,5382.0
01252,中国天瑞水泥,5358.0
01725,中国技术集团,5355.0
02522,一脉阳光,5337.0
09699,顺丰同城,5337.0
02631,天岳先进,5333.0
00543,太平洋网络,5329.0
06996,德琪医药-B,5328.0
02555,茶百道,5308.0
03868,信义能源,5297.0
01268,美东汽车,5292.0
00580,赛晶科技,5291.0
02100,百奥家庭互动,5290.0
06601,朝云集团,5286.0
00709,佐丹奴国际,5261.0
09959,联易融科技-W,5255.0
01003,欢喜传媒,5246.0
00606,中骏商管,5242.0
01768,鸣鸣很忙,5238.0
01280,奇点国峰,5219.0
02660,禅游科技,5207.0
01029,铁货,5204.0
00365,芯成科技,5193.0
00625,希音-W,5184.0
01675,亚信科技,5184.0
00004,九龙仓集团,5182.0
00340,潼关黄金,5181.0
00303,伟易达,5163.0
02590,极智嘉-W,5154.0
02168,佳兆业美好,5141.0
01651,津上机床中国,5130.0
01388,安莉芳控股,5116.0
01565,成实外教育,5115.0
00573,稻香控股,5092.0
01203,广南(集团),5090.0
02120,康宁医院,5088.0
00321,德永佳集团,5088.0
02008,凤凰卫视,5080.0
01883,中信国际电讯,5080.0
00822,嘉瑞国际,5068.0
09983,建业新生活,5036.0
03398,华鼎控股,5029.0
01628,禹洲集团,5015.0
01250,山高新能源,5013.0
00978,招商局置地,5012.0
03382,天津港发展,5010.0
00326,中国星集团,4997.0
01729,汇聚科技,4985.0
09658,特海国际,4979.0
01277,力量发展,4943.0
00894,万裕科技,4941.0
00587,海螺环保,4909.0
00666,瑞浦兰钧,4853.0
03366,华侨城(亚洲),4848.0
08292,VSING,4847.0
00869,彩星玩具,4842.0
01970,IMAX CHINA,4817.0
00019,太古股份公司A,4790.0
01571,信邦控股,4770.0
00832,建业地产,4767.0
00716,胜狮货柜,4754.0
02390,知乎-W,4739.0
01728,正通汽车,4738.0
02488,元征科技,4725.0
00611,中国核能科技,4715.0
00553,南京熊猫电子股份,4713.0
09636,九方智投控股,4702.0
00068,MANYCORE TECH,4685.0
02105,来凯医药-B,4672.0
01137,香港科技探索,4665.0
00296,英皇娱乐酒店,4664.0
02880,辽港股份,4646.0
01382,互太纺织,4617.0
02598,连连数字,4596.0
02714,牧原股份,4588.0
00750,水发兴业能源,4583.0
02465,龙蟠科技,4575.0
01282,中泽丰,4575.0
09909,宝龙商业,4573.0
06622,兆科眼科-B,4561.0
09690,途虎-W,4557.0
01635,大众公用,4534.0
00412,山高控股,4534.0
08095,北大青鸟环宇,4512.0
06608,百融智能-W,4508.0
09989,海普瑞,4506.0
00621,坛金矿业,4493.0
08279,亚博科技控股,4484.0
02138,医思健康,4482.0
01569,民生教育,4481.0
01181,唐宫中国,4479.0
06823,香港电讯-SS,4475.0
02355,宝业集团,4465.0
00536,贸易通,4459.0
00232,大陆航空科技控股,4442.0
00440,大新金融,4403.0
06600,卧安机器人,4402.0
01966,中骏集团控股,4400.0
06100,同道猎聘,4377.0
02638,港灯-SS,4373.0
01661,中国前沿科技集团,4373.0
02068,中铝国际,4357.0
00635,彩星集团,4357.0
03369,秦港股份,4352.0
01432,中国圣牧-PF,4325.0
08007,环球战略集团,4311.0
00060,香港食品投资,4296.0
03318,中国波顿,4296.0
00950,李氏大药厂,4292.0
01036,万科海外,4291.0
01686,新意网集团,4268.0
02192,医脉通,4268.0
07666,剂泰科技-P,4257.0
00863,OSL集团,4247.0
01293,广汇宝信,4196.0
89988,阿里巴巴-WR,4159.0
02170,贝康医疗-B,4153.0
01075,首都信息,4149.0
00703,佳景集团,4148.0
02026,小马智行-W,4131.0
02768,国恩科技,4125.0
00844,广泰国际控股,4124.0
03662,星悦康旅,4124.0
00173,嘉华国际,4120.0
02190,归创通桥,4107.0
02285,泉峰控股,4106.0
06683,巨星传奇,4104.0
09885,药师帮,4099.0
08225,中国医疗集团,4092.0
00258,汤臣集团,4088.0
01712,龙资源,4069.0
02718,明略科技-W,4056.0
01899,兴达国际,4042.0
00638,广和通,4037.0
00008,电讯盈科,4004.0
00628,通通AI社交,3977.0
02245,力勤资源,3929.0
06626,越秀服务,3922.0
00242,信德集团,3921.0
06656,思格新能,3919.0
01310,香港宽频,3893.0
03678,弘业期货,3889.0
00661,中国大冶有色金属,3887.0
01997,九龙仓置业,3885.0
00029,达力集团,3882.0
06839,云南水务,3873.0
01599,城建设计,3871.0
00528,金达控股,3849.0
02136,利福中国,3846.0
01907,中国旭阳集团,3842.0
01152,正乾金融控股,3824.0
01358,普华和顺,3824.0
02889,博泰车联,3814.0
03913,合景悠活,3812.0
08158,中国再生医学,3805.0
00999,小菜园,3798.0
03858,佳鑫国际资源,3793.0
00318,黄河实业,3791.0
03315,金邦达宝嘉,3788.0
00098,兴发铝业,3767.0
01499,欧科云链,3765.0
09928,时代邻里,3763.0
08267,蓝港互动,3730.0
00127,华人置业,3724.0
06889,DYNAM JAPAN,3723.0
00253,顺豪控股,3721.0
00717,英皇资本,3710.0
09678,云知声,3710.0
01616,一元宇宙,3703.0
02222,雷士国际,3692.0
00484,云游控股,3675.0
03601,鲁大师,3668.0
01475,日清食品,3638.0
01837,五谷磨房,3630.0
00565,锦艺集团控股,3596.0
00926,碧生源,3582.0
01890,中国科培,3577.0
02219,朝聚眼科,3577.0
00374,四洲集团,3559.0
02356,大新银行集团,3556.0
00931,中国港能,3553.0
08179,百利达集团控股,3552.0
00882,天津发展,3549.0
09980,东鹏饮料,3543.0
02648,安井食品,3535.0
00866,中国秦发,3533.0
00834,盛融控股,3510.0
01037,云智汇科技,3486.0
06988,乐享集团,3467.0
01523,珩湾科技,3466.0
00196,宏华集团,3462.0
00658,中国高速传动,3428.0
02012,阳光油砂,3408.0
02257,圣诺医药-B,3377.0
01384,滴普科技,3374.0
02589,沪上阿姨,3373.0
00511,无线集团,3367.0
02419,德康农牧,3336.0
02048,易居企业控股,3331.0
01836,九兴控股,3326.0
00952,华富建业金融,3322.0
02391,涂鸦智能-W,3320.0
00746,理文化工,3320.0
02315,百奥赛图-B,3314.0
00637,利记,3310.0
06138,哈尔滨银行,3302.0
00650,普达特科技,3301.0
02276,康耐特光学,3294.0
01065,天津创业环保股份,3292.0
00330,思捷环球,3288.0
06603,IFBH,3281.0
06628,创胜集团医药-B,3279.0
03978,卓越教育集团,3269.0
00807,上海实业环境,3262.0
02878,晶门半导体,3256.0
00842,理士国际,3255.0
06989,卓越商企服务,3250.0
00061,绿领控股,3241.0
00775,长江生命科技,3238.0
01274,知行科技,3232.0
01753,兑吧,3232.0
03636,金浔资源,3228.0
00976,齐合环保,3224.0
02543,大行科工,3213.0
01300,俊知集团,3187.0
08047,中国海洋发展,3182.0
00014,希慎兴业,3181.0
01623,海隆控股,3180.0
02723,深演智能,3176.0
01011,泰凌医药,3175.0
02772,中梁控股,3171.0
01126,德林国际,3159.0
01101,华荣能源,3158.0
08168,宝积资本,3157.0
01345,上海先锋控股,3155.0
02309,大象未来集团,3153.0
00980,联华超市,3147.0
00086,新鸿基公司,3146.0
02610,南山铝业国际,3144.0
00585,意力国际,3142.0
01450,交个朋友控股,3129.0
02410,同源康医药-B,3126.0
00582,神话世界,3120.0
08143,金威医疗,3120.0
08006,华泰瑞银,3099.0
00588,北京北辰实业股份,3096.0
01021,华沿机器人,3088.0
01606,国银金租,3087.0
03303,巨涛海洋石油服务,3087.0
00187,京城机电股份,3081.0
00757,阳光能源,3079.0
01257,中国光大绿色环保,3079.0
00159,布莱克万矿业,3077.0
00095,绿景中国地产,3074.0
00259,亿都(国际控股),3058.0
03838,中国淀粉,3058.0
01588,畅捷通,3054.0
00040,金山科技工业,3052.0
00889,连达科技控股,3045.0
83690,美团-WR,3044.0
02506,讯飞医疗科技,3034.0
02411,百果园集团,3017.0
00083,信和置业,3016.0
01206,同方泰德,3011.0
04338,微软-T,2993.0
01822,中木国际,2992.0
02283,东江集团控股,2992.0
00876,青海生物制药,2982.0
02163,远大住工,2978.0
08226,树熊金融集团,2978.0
00623,金桥集团控股,2969.0
02111,超盈国际控股,2943.0
00286,爱帝宫,2929.0
00612,嘉文世纪投资公司,2912.0
02389,北京健康,2911.0
00210,达芙妮国际,2899.0
00643,恒富控股,2888.0
06136,康达环保,2880.0
00848,茂业国际,2878.0
06196,郑州银行,2869.0
06698,星空华文,2860.0
01286,鹰普精密,2857.0
06978,永泰生物-B,2854.0
01107,当代置业,2850.0
81024,快手-WR,2850.0
00505,兴业合金,2848.0
02266,黎氏企业,2839.0
00041,鹰君,2833.0
00315,数码通电讯,2831.0
02348,东瑞制药,2828.0
01991,大洋集团,2820.0
06610,飞天云动,2804.0
00672,众安集团,2801.0
00518,同得仕(集团),2789.0
02668,百德国际,2783.0
02139,甘肃银行,2770.0
02156,建发物业,2770.0
00559,德泰新能源集团,2767.0
00023,东亚银行,2766.0
00510,时富金融服务集团,2766.0
01502,金融街物业,2751.0
01049,时富投资,2745.0
02706,海致科技集团,2729.0
02431,佑驾创新,2728.0
06963,阳光保险,2711.0
00491,英皇文化产业,2701.0
03866,青岛银行,2692.0
01141,民银资本,2690.0
03368,百盛集团,2687.0
01111,华视集团控股,2679.0
03813,宝胜国际,2673.0
00838,亿和控股,2673.0
02518,汽车之家-S,2672.0
02865,钧达股份,2672.0
00600,爱芯元智,2672.0
00348,中国智能健康,2664.0
02779,中国新华教育,2659.0
00261,GBA集团,2646.0
00181,闽港控股,2639.0
09676,十月稻田,2631.0
00215,和记电讯香港,2628.0
02643,曹操出行,2628.0
01762,万咖壹联,2627.0
00759,CEC国际,2609.0
06899,联众,2608.0
06609,心玮医疗-B,2605.0
01396,粤港湾智算,2601.0
03658,新希望服务,2600.0
00860,APOLLO出行,2589.0
01122,庆铃汽车股份,2586.0
01612,永胜医疗,2582.0
02076,BOSS直聘-W,2582.0
00468,纷美包装,2580.0
00862,远见控股,2570.0
00789,雅天妮集团,2569.0
01986,彩客新能源,2568.0
01191,海光芯正,2556.0
06668,星盛商业,2553.0
02700,格林国际控股,2541.0
01399,锐信控股,2541.0
00608,达利国际,2538.0
00255,龙记集团,2537.0
01431,原生态牧业,2528.0
02216,堃博医疗-B,2506.0
01148,新晨动力,2499.0
00269,中国资源交通,2487.0
00659,周大福创建,2484.0
08220,比高集团,2484.0
00947,摩比发展,2480.0
02728,金泰能源控股,2461.0
09668,渤海银行,2458.0
01195,京维集团,2450.0
01046,寰宇娱乐文化,2449.0
00533,金利来集团,2448.0
01188,正道集团,2445.0
06820,友谊时光,2433.0
02675,精锋医疗-B,2430.0
01846,德视佳,2429.0
09890,贪玩,2424.0
00290,国富量子,2416.0
01878,南戈壁,2413.0
00398,东方表行集团,2410.0
00690,联康生物科技集团,2400.0
00245,中薇金融,2390.0
06887,东阳光药,2388.0
01823,华昱高速,2385.0
02306,乐华娱乐,2381.0
00605,中国金融投资管理,2375.0
09960,康圣环球,2373.0
01522,京投交通科技,2365.0
00030,云白国际,2353.0
00501,豪威集团,2345.0
02373,美丽田园医疗健康,2340.0
06919,人瑞人才,2317.0
00476,科轩动力控股,2315.0
00893,中国铁钛,2311.0
02788,创新实业,2307.0
00234,新世纪集团,2304.0
02402,亿华通,2295.0
02339,京西国际,2294.0
00433,北方矿业,2292.0
08033,爱达利网络,2287.0
01161,奥思集团,2287.0
01942,马可数字科技,2281.0
00629,悦达国际控股,2278.0
00373,联合集团,2276.0
02098,卓尔智联,2271.0
01600,天伦燃气,2267.0
02232,晶苑国际,2266.0
01647,雄岸科技,2266.0
02595,劲方医药-B,2261.0
02562,狮腾控股,2258.0
01184,时捷集团,2246.0
02199,维珍妮,2244.0
02251,鹰瞳科技-B,2241.0
08137,洪桥集团,2232.0
00028,天安,2218.0
06639,瑞尔集团,2212.0
00039,中国北大荒,2209.0
00627,共生智筑,2201.0
00420,福田实业,2199.0
03296,华勤技术,2196.0
02580,奥克斯电气,2183.0
00609,天德化工,2182.0
00875,从玉智农,2182.0
00379,恒嘉融资租赁,2178.0
00603,中油燃气,2177.0
08041,中微智码,2174.0
03300,中国玻璃,2174.0
06883,颖通控股,2167.0
00713,世界(集团),2166.0
06669,先瑞达医疗-B,2166.0
01314,翠华控股,2165.0
00563,上实城市开发,2164.0
02582,国富氢能,2156.0
80700,腾讯控股-R,2154.0
02327,美瑞健康国际,2140.0
02715,埃斯顿,2138.0
00418,方正控股,2136.0
08299,大唐黄金,2134.0
03989,首创环境,2131.0
08020,宏海控股集团,2127.0
00438,彩虹新能源,2120.0
08092,ITE HOLDINGS,2116.0
00117,宇阳控股,2105.0
01989,广合科技,2101.0
03336,巨腾国际,2099.0
02135,瑞丽医美,2099.0
03887,HASHKEY HLDGS,2095.0
08076,新利软件,2093.0
03200,大族数控,2091.0
09955,智云健康,2086.0
01682,杭品生活科技,2083.0
01069,中国健康科技集团,2073.0
00830,中国建筑兴业,2073.0
01501,瑛泰医疗,2072.0
00912,信佳国际,2068.0
00470,先导智能,2059.0
03681,中国抗体-B,2058.0
01875,东曜药业-B,2058.0
00051,海港企业,2057.0
02586,多点数智,2055.0
00595,先思行,2051.0
00911,前海健康,2044.0
09878,汇通达网络,2042.0
02550,宜搜科技,2041.0
01090,大明国际,2038.0
09616,东软睿新集团,2033.0
02291,心泰医疗,2032.0
01468,嘉高达资本,2030.0
02211,大健康国际,2027.0
01228,北海康成-B,2026.0
01713,四川能投发展,2025.0
00993,信控国际资本,2021.0
03718,北控城市资源,2020.0
08049,吉林长龙药业,2018.0
01168,Z FIN,2017.0
01251,华油能源,2015.0
01709,德林控股,2013.0
06938,瑞博生物-B,2010.0
01063,新确科技,2008.0
00206,华商能源,2004.0
02438,出门问问,2004.0
03882,天彩控股,1998.0
00279,裕承科金,1991.0
01229,南南资源,1990.0
01028,千百度,1990.0
00311,联泰控股,1985.0
08317,财华社集团,1985.0
00042,东北电气,1982.0
06168,周六福,1980.0
80020,商汤-WR,1979.0
06681,脑动极光-B,1971.0
00035,远东发展,1970.0
01982,南旋控股,1965.0
00622,威华达控股,1963.0
00798,中电光谷,1952.0
06616,环球新材国际,1951.0
01613,协同通信,1950.0
00737,湾区发展,1938.0
00130,慕诗国际,1934.0
06828,北京燃气蓝天,1933.0
06031,三一重工,1932.0
01786,铁建装备,1932.0
00314,思派健康,1929.0
06980,八马茶业,1928.0
01244,思路迪医药股份,1928.0
00827,玖源集团,1922.0
01269,首控集团,1919.0
02218,安德利果汁,1919.0
00878,金朝阳集团,1908.0
00360,新焦点,1907.0
01760,英恒科技,1905.0
01180,汇彩控股,1900.0
00745,中国国家文化产业,1898.0
01680,澳门励骏,1897.0
03686,祈福生活服务,1895.0
04335,英特尔-T,1893.0
01538,中奥到家,1892.0
01121,金阳新能源,1890.0
00917,趣致集团,1888.0
02475,立讯精密,1887.0
02587,健康之路,1887.0
08295,金慧科技,1886.0
03313,雅高控股,1881.0
01461,中泰期货,1874.0
01102,环能国际,1873.0
01265,天津津燃公用,1872.0
01023,时代集团控股,1866.0
00933,非凡领越,1865.0
02235,微泰医疗-B,1862.0
00113,迪生创建,1861.0
06878,鼎丰集团汽车,1861.0
01981,华夏控股,1857.0
00755,大方广瑞德,1846.0
03277,长光辰芯,1836.0
02080,奥克斯国际,1835.0
02509,荃信生物-B,1834.0
01372,中国碳中和,1833.0
01236,乐动机器人,1826.0
02322,新质数字,1825.0
08100,名科国际,1823.0
00521,CWT INT'L,1819.0
08172,拉近网娱,1808.0
02477,经纬天地,1807.0
01598,21世纪教育,1796.0
00334,华显光电,1793.0
00057,震雄集团,1793.0
09669,北森控股,1792.0
02608,阳光100中国,1792.0
00154,北京控股环境集团,1786.0
06831,绿茶集团,1782.0
02246,快狗打车,1775.0
00397,嬴集团,1769.0
09991,宝尊电商-W,1767.0
01328,金涌投资,1761.0
01292,长安民生物流,1759.0
08349,硅鑫集团,1749.0
01968,兴纺控股,1748.0
00408,叶氏化工集团,1747.0
00736,中国置业投资,1746.0
00929,国际精密,1744.0
01118,高力集团,1744.0
01419,盈健医疗,1743.0
02591,银诺医药-B,1742.0
02798,久泰邦达能源,1742.0
00900,Aeon信贷,1741.0
06960,双登股份,1741.0
06958,正荣服务,1737.0
08159,新华联合投资,1734.0
00393,旭日企业,1729.0
01809,浦林成山,1723.0
00458,联亚集团,1722.0
02125,稻草熊娱乐,1717.0
00702,中国油气控股,1717.0
00945,宏利金融-S,1715.0
01979,天宝集团,1710.0
00240,利基控股,1708.0
00235,中策资本控股,1707.0
02670,云迹,1705.0
08340,紫荆国际金融,1704.0
01525,建桥教育,1700.0
03677,正力新能,1698.0
00833,华讯,1696.0
00045,大酒店,1694.0
01578,天津银行,1693.0
09886,叮当健康,1691.0
00691,山水水泥,1689.0
01116,慧源同创科技,1688.0
00500,先丰服务集团,1685.0
06951,三环集团,1682.0
01285,嘉士利集团,1675.0
80883,中国海洋石油-R,1666.0
03355,飞速创新,1664.0
00106,朗诗绿色管理,1662.0
00990,至源控股,1661.0
00163,英皇国际,1651.0
00845,恒盛地产,1648.0
00572,未来世界控股,1648.0
07618,京东工业,1644.0
09982,中原建业,1639.0
00126,佳宁娜,1639.0
02179,瑞科生物-B,1636.0
03688,莱蒙国际,1632.0
08193,亚太金融投资,1631.0
03709,赢家时尚,1628.0
09860,艾迪康控股,1627.0
02131,云想科技,1624.0
06860,指尖悦动,1624.0
01857,中国光大水务,1619.0
00090,普星能量,1615.0
00037,远东酒店实业,1614.0
00032,港通控股,1606.0
01617,南方通信,1605.0
01115,5100藏冰川,1602.0
01685,博耳电力,1601.0
08003,世大控股,1592.0
00362,中国天化工,1590.0
00825,新世界百货中国,1582.0
01380,中国金石,1581.0
02101,福禄控股,1578.0
08037,中国生物科技服务,1574.0
00831,利亚零售,1572.0
00111,信达国际控股,1570.0
01931,华检医疗,1565.0
01526,瑞慈医疗,1563.0
02003,维信金科,1563.0
01566,华夏文化科技,1557.0
01996,弘阳地产,1556.0
00560,珠江船务,1556.0
06885,金马能源,1555.0
01716,毛记葵涌,1549.0
02236,惠生工程,1548.0
08032,非凡领越,1540.0
00532,王氏港建,1538.0
00610,惠记集团,1537.0
00986,杜甫酒业集团,1535.0
00726,筑友智造科技,1528.0
09981,沃尔核材,1528.0
00228,中能控股,1525.0
00712,卡姆丹克太阳能,1525.0
01803,北京体育文化,1524.0
03389,亨得利,1524.0
03828,明辉国际,1524.0
00088,TAI CHEUNG HOLD,1522.0
02320,合丰集团,1521.0
01938,珠江钢管,1516.0
01895,鑫苑服务,1507.0
00727,中国丰汇,1505.0
02326,新源万恒控股,1503.0
09993,金辉控股,1499.0
01216,中原银行,1492.0
00487,实德环球,1486.0
00668,安克创新,1485.0
03660,奇富科技-S,1473.0
01373,国际家居零售,1470.0
01008,力图控股,1470.0
00026,中华汽车,1466.0
00194,廖创兴企业,1465.0
00070,金粤控股,1464.0
08210,衍汇亚洲,1461.0
00752,笔克远东,1453.0
03886,康健国际医疗,1451.0
00509,世纪阳光,1448.0
00124,粤海置地,1435.0
06677,远洋服务,1429.0
08005,裕兴科技,1429.0
06868,天福,1428.0
03952,来福谐波,1427.0
01100,飞达控股,1424.0
00687,泰昇集团,1423.0
01969,中国春来,1416.0
02676,纳芯微,1414.0
02358,久融控股,1410.0
01341,昊天国际建投,1410.0
06623,陆控,1406.0
00733,合富辉煌,1406.0
01568,承达集团,1403.0
00188,新华汇富金融,1402.0
01828,富卫集团,1397.0
09976,江波龙,1397.0
02565,派格生物医药-B,1396.0
02473,喜相逢集团,1395.0
00276,蒙古能源,1394.0
00295,江山控股,1390.0
02185,百心安-B,1379.0
06908,宏光半导体,1378.0
03839,正大生物,1374.0
03881,希迪智驾,1372.0
08247,中生北控生物科技,1372.0
02149,贝克微,1364.0
00294,长江制衣,1362.0
02178,百勤油服,1362.0
02566,九源基因,1361.0
01480,恩达集团控股,1360.0
01916,江西银行,1354.0
01905,海通恒信,1352.0
02657,林清轩,1340.0
00922,安贤园中国,1337.0
03329,交银国际,1335.0
00928,帝王国际投资,1335.0
02312,LONG 投资集团,1334.0
00299,宝新置地,1331.0
00328,爱高集团,1328.0
00050,香港小轮(集团),1325.0
00471,中播数据,1322.0
06118,奥星生命科技,1321.0
01555,MI能源,1318.0
03778,中国织材控股,1318.0
01660,七元投资,1310.0
08071,中彩网通控股,1300.0
01945,清科控股,1299.0
09615,梅卡曼德机器人,1295.0
01749,杉杉品牌,1294.0
00524,长城天下,1293.0
02453,美中嘉和,1290.0
09877,健世科技-B,1289.0
01731,其利工业集团,1289.0
01110,金活医药集团,1288.0
00664,铜师傅,1288.0
02429,友宝在线,1285.0
00227,第一上海,1265.0
00366,陆氏集团(越南),1265.0
02665,图达通,1265.0
00619,南华金融,1261.0
08081,白居易控股,1260.0
02570,重塑能源,1257.0
01392,海清智元,1257.0
01756,中国科教产业,1256.0
02459,昇能集团,1255.0
02487,科笛-B,1255.0
02161,健倍苗苗,1253.0
01551,广州农商银行,1252.0
01815,珠峰黄金,1249.0
03680,瑞和数智,1248.0
02180,万宝盛华,1239.0
02655,果下科技,1236.0
00298,庄士中国,1230.0
02000,晨讯科技,1228.0
01688,领益智造,1226.0
01220,志道国际,1224.0
02633,雅各臣科研制药,1224.0
09630,芯碁微装,1223.0
00059,天誉置业,1223.0
03903,瀚华控股,1223.0
00575,励晶太平洋,1221.0
02549,卡罗特,1216.0
02559,嘀嗒出行-PF,1211.0
02579,中伟新材,1209.0
08156,国药科技股份,1206.0
02629,MIRXES-B,1206.0
01338,霸王集团,1201.0
06069,盛业,1194.0
01971,弘阳服务,1192.0
00071,美丽华酒店,1189.0
00859,中昌国际控股,1189.0
00353,能源国际投资,1188.0
00887,英皇钟表珠宝,1187.0
01259,未来发展控股,1185.0
00821,汇盈控股,1183.0
00496,卡森国际,1182.0
02127,汇森股份,1175.0
09663,国鸿氢能,1174.0
00677,金源发展国际实业,1173.0
00391,美亚娱乐资讯,1170.0
04337,星巴克-T,1169.0
00185,正商实业,1166.0
01027,亚洲策略科技,1165.0
03737,中智药业,1164.0
00237,安全货仓,1163.0
02789,远大中国,1163.0
00689,长盈集团(控股),1161.0
01176,珠光控股,1160.0
00953,邵氏兄弟控股,1160.0
02360,优品360,1159.0
00033,INTL GENIUS,1159.0
01079,松景科技,1157.0
01094,承辉国际,1154.0
06086,方舟健客,1154.0
00064,结好控股,1153.0
02489,集海黄金,1150.0
03388,创想三维,1149.0
00370,港仔机器人,1146.0
02166,芯智控股,1143.0
01563,友联国际教育租赁,1143.0
02416,易点云,1142.0
08198,加幂科技,1142.0
00809,大成生化科技,1141.0
00679,亚洲联网科技,1140.0
02692,兆威机电,1137.0
01745,驴迹科技,1134.0
06033,电讯数码控股,1134.0
02210,京城佳业,1133.0
00078,富豪酒店,1133.0
03633,中裕能源,1131.0
00403,星光集团,1129.0
00217,中国诚通发展集团,1127.0
01862,景瑞控股,1125.0
01652,福森药业,1125.0
00738,莱尔斯丹,1124.0
01727,河北建设,1122.0
08356,进业控股,1121.0
01140,华科智能投资,1112.0
06687,聚水潭,1111.0
00954,常茂生物,1106.0
00399,星太链集团,1104.0
06968,港龙中国地产,1104.0
01900,中国智能交通,1099.0
00915,道和环球,1097.0
01281,鑫达投资控股,1096.0
01720,普天通信集团,1095.0
02650,挚达科技,1095.0
08173,客思控股,1089.0
01304,FORTIOR,1087.0
09936,稀美资源,1085.0
00381,权识国际,1083.0
00205,BFB HEALTH,1081.0
01196,伟禄科技股份,1080.0
03689,康华医疗,1074.0
08017,捷利交易宝,1073.0
00132,兴业控股,1073.0
00618,北大资源,1068.0
03798,家乡互动,1066.0
01303,汇力资源,1065.0
00346,延长石油国际,1064.0
01739,齐屹科技,1060.0
01163,虎视传媒,1058.0
02443,汽车街,1058.0
08283,中食民安,1057.0
00550,律齐文化,1044.0
00626,大众金融控股,1044.0
00574,百信国际,1044.0
08328,信义储电,1042.0
02368,鹰美,1041.0
01326,传递娱乐,1040.0
03757,罗博特科,1039.0
00209,万维智能科技,1038.0
01270,朗廷-SS,1037.0
00655,香港华人有限公司,1035.0
00983,瑞安建业,1032.0
03322,永嘉集团,1030.0
00289,永安百货,1028.0
02181,迈博药业-B,1026.0
02511,君圣泰医药-B,1026.0
00994,中天宏信,1025.0
00036,远东控股国际,1025.0
02230,羚邦集团,1024.0
00984,永旺,1024.0
00204,资本界金控,1024.0
02408,遇见小面,1023.0
09600,新纽科技,1022.0
02324,首都创投,1021.0
00361,汉成发展控股,1018.0
06866,佐力科创,1016.0
02399,中国安储能源,1016.0
00987,中国再生能源投资,1013.0
01909,火岩控股,1013.0
02609,佰泽医疗,1013.0
00034,九龙建业,1012.0
00331,丰盛生活服务,1002.0
00180,开达集团,1001.0
00771,自动系统,999.0
00062,载通,997.0
89618,京东集团-SWR,993.0
01576,齐鲁高速,993.0
00814,北京京客隆,992.0
00351,亚洲能源物流,991.0
02237,中国石墨,985.0
08271,环球数码创意,985.0
01020,中细软科技,984.0
08153,嘉鼎国际集团,979.0
01025,嘉艺控股,979.0
02239,国微控股,977.0
00646,中国环保科技,975.0
01630,建成控股,974.0
00422,越南制造加工出口,970.0
02371,创联控股,969.0
01183,澳能建设,968.0
06106,仙工智能,967.0
00171,银建国际,966.0
00632,中港石油,964.0
01050,嘉利国际,963.0
01808,企展控股,963.0
01518,新世纪医疗,961.0
00480,香港兴业国际,958.0
00474,信铭生命科技,954.0
00721,中国金融国际,954.0
00653,卓悦控股,953.0
06633,青瓷游戏,949.0
00810,中国铸晨81,949.0
80941,中国移动-R,946.0
02659,宝济药业-B,941.0
01127,狮子山集团,941.0
08446,耀星科技集团,938.0
00216,建业实业,938.0
02526,德适-B,938.0
02107,第一服务控股,937.0
01081,大金重工,937.0
01705,宾仕国际,934.0
01393,恒鼎实业,934.0
00264,中联发展控股,933.0
08130,大地国际集团,931.0
01735,中环新能源,931.0
00122,鳄鱼恤,928.0
08329,海王英特龙,925.0
08238,玖方数智,925.0
06811,太兴集团,925.0
01105,星岛,923.0
07688,拓璞数控,920.0
01466,佰金生命科学,916.0
00080,CAI控股,914.0
00767,中基长寿科学,914.0
03302,精技集团,913.0
02407,高视医疗,913.0
81211,比亚迪股份-R,909.0
03639,亿达中国,903.0
06871,翼菲科技,902.0
06128,烯石电车新材料,902.0
01956,中科闻歌,902.0
80388,香港交易所-R,900.0
01239,TEAMWAY INTL GP,899.0
01488,百福控股,898.0
08417,大地教育,896.0
00076,谊砾控股,896.0
00828,王朝酒业,895.0
02508,圣贝拉集团,893.0
03768,滇池水务,893.0
00312,岁宝百货,893.0
02652,长风药业,892.0
00858,精优药业,891.0
02886,滨海投资,891.0
03999,大成食品,890.0
00149,中国农产品交易,890.0
01082,源宇宙教育,886.0
08121,国恩控股,886.0
02329,国瑞健康,886.0
01785,成都高速,885.0
07630,英派药业-B,881.0
01224,中渝置地,880.0
02561,维昇药业-B,879.0
00707,亚洲电视控股,876.0
08132,百能国际能源,876.0
01262,蜡笔小新食品,871.0
01273,香港信贷,867.0
02656,健康160,865.0
01217,中国创新投资,864.0
01556,建业建荣,860.0
08146,怡园酒业,854.0
00129,泛海集团,852.0
01831,十方控股,849.0
01758,博骏教育,848.0
06686,诺亚控股,846.0
00472,新丝路控股集团,845.0
08128,中华节能,844.0
01340,惠生国际,843.0
09680,如祺出行,843.0
09930,宏信建发,840.0
01351,辉煌明天,839.0
02030,卡宾,838.0
02182,天长集团,838.0
01889,三爱健康集团,838.0
08540,胜利证券,837.0
00271,亚证地产,836.0
02683,华新手袋国际控股,834.0
00166,新时代集团控股,832.0
00899,中加国信,830.0
01278,中国新城镇,828.0
01446,鸿福堂,828.0
02623,香港黄金产业集团,828.0
09889,东莞农商银行,828.0
00239,白花油,826.0
02493,迈威生物-B,823.0
06051,有赞,823.0
01622,力高集团,822.0
02685,量化派,821.0
00871,中国疏浚环保,821.0
09857,柠萌影视,820.0
02575,轩竹生物-B,819.0
02658,天域半导体,818.0
01520,天机控股,817.0
00841,木薯资源,814.0
09913,智勤控股,813.0
08293,星亚控股,809.0
00426,万华媒体,808.0
06188,迪信通,807.0
00164,中国宝力科技,806.0
00989,中国长白山国际,800.0
06090,不同集团,797.0
06830,华众车载,797.0
01097,周大福媒体娱乐,796.0
01087,威讯控股,795.0
01150,米兰站,794.0
01332,透云生物,791.0
00682,超大现代,790.0
02249,晶合集成,790.0
00970,新耀莱,789.0
06929,业聚医疗,789.0
00519,诺科达科技,787.0
01632,民商创科,786.0
08072,兰谷股份,786.0
02221,创业集团控股,784.0
00343,文化传信,782.0
02495,声通科技,776.0
09856,纳真科技,774.0
06833,兴科蓉医药,770.0
01601,中关村科技租赁,765.0
01237,中科生物,762.0
02393,巨星医疗控股,761.0
02203,脑洞科技,761.0
01058,南粤控股,760.0
01400,满地科技股份,757.0
00601,稀镁科技,756.0
08148,悟喜生活,754.0
08201,宝联控股,754.0
00756,森美控股,753.0
01315,绿色经济,752.0
03773,银盛数惠,752.0
02340,昇柏控股,752.0
00160,汉国置业,750.0
08021,汇隆控股,749.0
00254,国家联合资源,749.0
06117,日照港裕廊,746.0
01000,北青传媒,746.0
06858,本间高尔夫,746.0
00367,庄士机构国际,746.0
02627,中慧生物-B,745.0
08018,汇财金融投资,743.0
00201,华大酒店,742.0
02146,荣万家,739.0
00355,世纪城市国际,738.0
01007,龙辉国际控股,737.0
01039,畅由国际集团,733.0
01173,威高国际,732.0
00256,冠城钟表珠宝,731.0
00648,京玖康疗,728.0
01319,霭华押业信贷,727.0
00417,谢瑞麟,726.0
03332,中生联合,726.0
02661,轻松健康,725.0
01511,驭势科技,725.0
01498,培力农本方,724.0
00602,佳华百货控股,723.0
02726,瀚天天成,721.0
06882,东瀛游,721.0
08479,金泰丰国际控股,719.0
02567,七牛智能,718.0
00482,圣马丁国际,718.0
08056,生活概念,716.0
08178,中国信息科技,715.0
01289,盛力达科技,715.0
02377,博奇环保,713.0
00515,中华银科技,713.0
01633,上谕集团,712.0
00852,海峡石油化工,712.0
01697,山东国信,712.0
00718,太和控股,711.0
01476,金融街证券,711.0
00498,蓝河控股,710.0
02701,国民技术,710.0
09919,艾德韦宣集团,709.0
08187,积木集团,709.0
08326,同景新能源,707.0
01198,皇朝家居,707.0
01321,中国新城市,707.0
08227,海天天线,707.0
02635,诺比侃,706.0
01080,胜利管道,705.0
00377,中国华君,705.0
01312,华控康泰,704.0
00765,威发国际,703.0
00073,亚洲果业,703.0
01298,云能国际,702.0
02086,高维科技,701.0
00913,港湾数字,699.0
00372,保德国际发展,699.0
02392,玄武云,699.0
89888,百度集团-WR,696.0
01609,天星医疗,696.0
02281,兴泸水务,695.0
01752,澳洲成峰高教,694.0
09611,龙旗科技,692.0
03625,傅里叶,689.0
06108,新锐医药,688.0
08200,修身堂,687.0
00222,闽信集团,684.0
03708,世界数字经济产业,683.0
01240,青建国际,682.0
00556,泛亚环保,682.0
01245,NIRAKU,681.0
08112,基石金融,679.0
01868,同方友友,678.0
00731,建发新胜,678.0
06658,溜溜梅,676.0
06657,百望股份,676.0
01221,信和酒店,675.0
00797,第七大道,675.0
08296,中国生命集团,673.0
01826,丰展控股,670.0
01327,励时集团,669.0
03363,正业国际,669.0
00527,瑞风绿能智算,668.0
08275,中国新消费集团,667.0
08368,中国创意控股,666.0
08348,滨海泰达物流,664.0
01978,叙福楼集团,663.0
03848,浩森金融科技,662.0
06038,信越控股,661.0
00128,安宁控股,658.0
02022,游莱互动,657.0
01225,隆成金融,655.0
00897,位元堂,654.0
03822,三和建筑集团,654.0
00184,激成投资,653.0
02028,映美控股,653.0
00442,域能控股,653.0
00794,锦胜集团(控股),651.0
00526,利时集团控股,651.0
06913,华南职业教育,651.0
03889,大成玉米集团,650.0
00907,高雅光学,649.0
00554,汉思集团控股,648.0
08239,首都金融控股,648.0
08030,丰银禾控股,647.0
00225,博富临置业,647.0
02637,海西新药,646.0
06715,鲟龙科技,644.0
01129,中国水业集团,644.0
00943,中证国际,642.0
02176,赛迪顾问,641.0
00280,景福集团,640.0
00722,联合医务,640.0
06636,极视角,639.0
01708,三宝科技,639.0
08019,皓文控股,637.0
02603,吉宏股份,636.0
01917,豆盟科技,636.0
01305,伟志控股,635.0
08315,新都酒店,633.0
00072,超媒体控股,631.0
01124,沿海家园,631.0
08217,菊福堂生物,630.0
01200,美联集团,628.0
09971,基本半导体,625.0
02415,梅斯健康,623.0
02576,太美医疗科技,622.0
02317,味丹国际,619.0
00389,通天酒业,619.0
00704,和嘉控股,618.0
00997,普汇中金国际,618.0
08250,都都控股,617.0
00864,永利地产发展,615.0
01497,燕之屋,613.0
07687,易控智驾,611.0
00383,天安卓健,611.0
01147,伊登软件,611.0
00048,中国汽车内饰,610.0
03623,中国金融发展,609.0
01417,浦江中国,606.0
01676,高地股份,606.0
00401,万嘉集团,605.0
00662,亚洲金融,603.0
08060,国联通信,602.0
02169,沧港铁路,601.0
00901,华曦达,601.0
00695,东吴水泥,601.0
02225,今海医疗科技,600.0
01145,勇利投资,599.0
00640,星谦发展,598.0
00145,信能低碳,598.0
02920,卓悦控股,598.0
01718,宏基集团控股,597.0
01959,中聚投资,597.0
02480,绿竹生物-B,597.0
08090,宝盖新材,595.0
00223,易生活控股,594.0
00591,中国高精密,594.0
02519,傲基股份,593.0
00711,亚洲联合基建控股,593.0
01935,嘉宏教育,592.0
08316,中国红包,591.0
00147,国际商业结算,591.0
00157,自然美,591.0
09968,汇景控股,589.0
06190,九江银行,588.0
02119,捷荣国际控股,587.0
00369,永泰地产,586.0
01272,大唐环境,585.0
00103,首佳科技,584.0
02299,百宏实业,582.0
01783,晋景新能,581.0
02695,印象大红袍,581.0
01062,国开国际投资,580.0
01170,信星集团,580.0
01583,亲亲食品,579.0
02122,凯知乐国际,578.0
00497,资本策略地产,577.0
00162,世纪金花,577.0
02898,盛禾生物-B,577.0
01323,华盛国际控股,576.0
01201,天臣控股,573.0
00219,顺豪物业,573.0
01872,冠轈控股,572.0
00730,首惠产业金融,572.0
00423,经济日报集团,570.0
00053,国浩集团,570.0
01560,星星集团,570.0
01290,中国汇融,570.0
01575,皇庭智家,569.0
08051,讯智海,568.0
01226,中国投融资,568.0
09916,兴业物联,567.0
01166,星凯控股,567.0
00120,四海国际,567.0
01884,EPRINT 集团,566.0
02630,旺山旺水-B,566.0
03390,满贯集团,566.0
00089,大生地产,565.0
01940,CGII HLDGS,562.0
01470,富一国际控股,562.0
02307,锦兴国际控股,559.0
08050,城市酷选,559.0
02193,万景控股,559.0
01983,泸州银行,559.0
08392,舍图控股,557.0
01159,智数科技集团,555.0
03752,珞石机器人,555.0
01500,现恒建筑,555.0
03268,美格智能,550.0
00444,先施表行,550.0
01572,中国艺术金融,548.0
06893,衍生集团,548.0
01643,现代中药集团,547.0
00065,弘海高新资源,546.0
08087,中国三三集团,545.0
09638,法拉帝,545.0
00432,盈大地产,544.0
01355,生物系统工程,544.0
02687,卓越睿新,544.0
01182,胜龙国际,544.0
02336,硕奥国际,543.0
01397,碧瑶绿色集团,543.0
08039,中国来骑哦,542.0
00146,太平地毡,542.0
08120,国农金融投资,541.0
08181,港深智能管理,540.0
03223,君正股份,539.0
00022,茂盛控股,539.0
01085,亨鑫科技,539.0
00673,中国卫生集团,537.0
01009,国际娱乐,537.0
08371,尝高美集团,537.0
09637,礼邦医药-B,534.0
02558,晋商银行,534.0
00096,友成控股,533.0
00764,永恒策略,533.0
00167,万威国际,533.0
00243,品质国际,530.0
01153,佳源服务,530.0
01851,银杏教育,529.0
08305,圣唐控股,528.0
08140,人和科技,528.0
02212,高鹏矿业,526.0
01243,宏安地产,522.0
06911,澜沧古茶,522.0
06816,瑞港建设,520.0
09986,大山教育,520.0
00681,中民控股,520.0
01636,中国金属利用,518.0
01421,恒昌集团国际,518.0
06667,美因基因,517.0
01626,嘉耀控股,517.0
00969,华联国际,517.0
01973,天图投资,517.0
00938,民生国际,516.0
00274,复兴亚洲,516.0
00464,中国智能科技,515.0
06676,找钢网-W,514.0
01608,伟能集团,513.0
00455,天大药业,513.0
00332,元亨燃气,513.0
02383,TOM集团,512.0
00888,链信控股,508.0
08455,礼建德集团,508.0
06810,商米科技-W,506.0
00313,裕田中国,505.0
01912,康特隆,504.0
02677,卓正医疗,504.0
00055,中星集团控股,503.0
02088,西王置业,500.0
00251,爪哇控股,500.0
01710,致丰工业电子,499.0
08027,吉辉控股,499.0
00156,力宝华润,499.0
02451,绿源集团控股,499.0
03628,仁恒实业控股,498.0
01683,旷逸国际,498.0
00265,港誉智慧城市服务,494.0
03880,泰德医药,490.0
00309,新华通讯频媒,490.0
08311,圆美光电,490.0
06999,领地控股,489.0
08195,传承教育集团,489.0
06067,星源材质,489.0
00959,世纪娱乐国际,489.0
00137,金辉集团,488.0
00150,HYPEBEAST,487.0
08512,凯富善集团控股,487.0
00212,南洋集团,487.0
03661,圣邦股份,487.0
01950,帝王实业控股,486.0
00104,冠亚商业,486.0
00058,新威国际,485.0
00630,隽泰控股,484.0
00927,富士高实业,484.0
01536,煜荣集团,484.0
02293,百本医护,483.0
01459,巨匠建设,482.0
00723,信保环球控股,482.0
00075,渝太地产,481.0
00896,兴胜创建,481.0
01377,鼎泰高科,481.0
01580,大森控股,480.0
02262,梁志天设计集团,480.0
00018,东方传媒集团,480.0
03869,弘和仁爱医疗,479.0
01202,四威科技,478.0
01004,中国智慧能源,478.0
00063,中亚烯谷集团,477.0
01255,TATA健康,476.0
01490,AI X TECH,475.0
06036,光丽科技,473.0
08413,亚洲富思,473.0
00199,德祥新云算力,472.0
06909,百得利控股,469.0
02729,凯乐士科技,468.0
00979,绿色能源科技集团,467.0
03310,云英谷科技,467.0
06888,英达公路再生科技,464.0
03816,KFM金德,464.0
00125,新兴光学,463.0
02297,润迈德-B,463.0
01985,美高域,463.0
01679,瑞斯康集团,462.0
01865,鹏高控股集团,462.0
00846,明发集团,461.0
08219,恒伟集团控股,461.0
08395,中显智能齐家控股,460.0
08406,中国口腔产业,460.0
08545,佰悦集团,460.0
06093,和泓服务,460.0
01253,绿博生态,459.0
02023,中国绿岛科技,459.0
00840,天业节水,459.0
02583,西普尼,459.0
01941,烨星集团,458.0
02699,新明中国,458.0
01395,强泰环保,457.0
06675,SENASIC,457.0
03626,启明东方控股,455.0
08462,中安控股集团,455.0
00918,龙翼航空科技,453.0
01591,汛和集团,452.0
02112,恩典生命科技,452.0
00645,安域亚洲,451.0
00851,盛源控股,451.0
01527,天洁环境,451.0
00092,冠军科技集团,451.0
01222,宏安集团,449.0
01817,慕尚集团控股,448.0
00936,佳兆业资本,448.0
00450,鸿兴印刷集团,448.0
00465,富通科技,446.0
08491,COOL LINK,446.0
00932,顺腾国际控股,446.0
08291,港娱国际,445.0
00725,恒都集团,445.0
08502,远航港口,444.0
08093,瓦普思瑞元宇宙,444.0
01142,能源及能量环球,444.0
08307,密迪斯肌,444.0
01557,剑虹集团控股,443.0
00747,沈阳公用发展股份,443.0
00557,天元医疗,442.0
02349,中国智能基础设施,441.0
02420,子不语,441.0
00333,黛丽斯国际,441.0
06822,科劲国际,441.0
02033,时计宝,439.0
00046,科联系统,439.0
00488,丽新发展,439.0
02882,金至尊集团,438.0
06058,兴证国际,438.0
08082,擎华控股,437.0
01925,旷世芳香,437.0
01412,隽思集团,436.0
01449,立德教育,435.0
01965,朗诗绿色生活,435.0
09608,宋都服务,434.0
01939,上善黄金,433.0
00236,香港生力啤,433.0
00919,现代健康科技,432.0
08416,HM INTL HLDGS,431.0
02560,海螺材料科技,430.0
01586,力鸿检验,430.0
00620,大唐西市,430.0
00229,利民实业,430.0
08473,弥明生活百货,430.0
01451,万成集团股份,430.0
02223,卡撒天娇,427.0
08223,紫元元,426.0
06745,滨化股份,426.0
01433,常达控股,424.0
03228,景旺电子,420.0
00540,迅捷环球控股,419.0
00617,百利保控股,419.0
01247,米格国际控股,418.0
00138,中建富通,418.0
03231,优地机器人,418.0
08125,荣记万通,417.0
00262,迪臣发展国际,417.0
00385,建联集团,417.0
02209,喆丽控股,416.0
01692,登辉控股,416.0
00974,中国顺客隆,415.0
08391,基石科技控股,415.0
00131,卓能(集团),414.0
08029,中投金融科技集团,413.0
00483,包浩斯国际,412.0
00183,宏辉集团,412.0
01673,华章科技,411.0
82331,李宁-R,411.0
02325,云康集团,410.0
06959,长久股份,410.0
01362,新龙移动,409.0
02422,润歌互动,408.0
01771,新丰泰集团,408.0
01669,环球信贷集团,408.0
06189,爱得威建设集团,407.0
03893,易纬集团,407.0
00616,财富链,406.0
08203,凯顺控股,405.0
01064,中华国际,405.0
08622,愉悦集团,405.0
08490,骏码半导体,405.0
00025,CHEVALIER INT'L,404.0
00784,爱生命国际,404.0
02167,天润云,404.0
00499,青岛控股,403.0
02011,进腾集团,402.0
01921,达力普控股,402.0
02288,宏基资本,402.0
06731,本末科技,402.0
08270,中国煤层气,401.0
01418,盛诺集团,401.0
01977,安乐工程,400.0
01775,精英汇集团,399.0
00456,新城市建设发展,398.0
00266,天德地产,397.0
02189,嘉涛(香港)控股,397.0
08235,赛迪顾问,397.0
06872,丹诺医药-B,396.0
08111,中国科技产业集团,396.0
01723,恒月控股,395.0
08162,港银控股,395.0
08513,加和国际控股,394.0
02592,拨康视云-B,393.0
02425,澳亚集团,391.0
00097,恒基发展,390.0
08026,朗华国际集团,390.0
08139,长安仁恒,389.0
01401,未来机器有限公司,389.0
00108,春雨医疗,389.0
02289,创美药业,388.0
08189,泰达生物,387.0
01532,中国派对文化,387.0
08460,基地锦标集团,387.0
01120,雅视光学,387.0
01130,中国环境资源,386.0
00641,中国恒天立信国际,386.0
02159,麦迪卫康,384.0
00898,万事昌国际,384.0
02563,华昊中天医药-B,384.0
01592,基石控股,383.0
03603,信基沙溪,383.0
08427,万顺瑞强集团,382.0
01346,利华控股集团,382.0
03991,长虹佳华,382.0
00583,长城环亚控股,382.0
82318,中国平安-R,381.0
00760,新天地产集团,380.0
02551,晶科电子股份,378.0
02286,辰兴发展,378.0
08216,丰城控股,375.0
82020,安踏体育-R,374.0
02691,南华期货股份,374.0
01671,天保能源,374.0
08402,高原之宝,373.0
00923,综合环保集团,373.0
01215,开源控股,372.0
02231,景业名邦集团,372.0
09677,威海银行,372.0
01701,途屹控股,372.0
01655,OKURA控股,372.0
01473,环联连讯,371.0
00542,中国文旅农业,370.0
02041,麦科田,370.0
08147,云晶数智,369.0
00613,梧桐国际,369.0
00537,普源精电,368.0
01231,新矿资源,368.0
08321,泰锦控股,368.0
01125,丽丰控股,368.0
00174,盛洋投资,367.0
01561,联洋智能控股,367.0
08487,ISP GLOBAL,367.0
01843,快餐帝国,366.0
00329,东建国际,365.0
02187,智欣集团控股,363.0
02553,首钢朗泽,362.0
01662,义合控股,362.0
01455,科利实业控股,361.0
01645,海纳智能,359.0
02697,真健康医疗-B,359.0
02177,优趣汇控股,359.0
01779,天辰生物-B,359.0
08366,浙江联合投资,359.0
01726,HKE HOLDINGS,358.0
02113,世纪集团国际,357.0
08073,水发兴业新材料,357.0
08160,GOLDWAY EDU,357.0
00544,大同集团,357.0
00211,大凌集团,357.0
01961,多牛科技,356.0
00094,绿心集团,354.0
08310,盐城港,354.0
01241,双桦控股,354.0
01549,永丰集团控股,354.0
08040,快意智能,353.0
00186,敏捷控股,352.0
00675,坚宝国际,352.0
00910,中国三迪,351.0
08280,中国数字视频,349.0
02933,煜荣集团股权,348.0
01640,千循科技,347.0
00193,冠中地产,347.0
08379,盈证国际,346.0
01953,赛孚迅国际,346.0
08057,麦迪森控股,346.0
00865,建德国际控股,346.0
08066,品创控股,345.0
00854,威雅利,344.0
02680,南强控股,343.0
08480,飞霓控股,343.0
01013,伟俊集团控股,343.0
00685,世界华文媒体,343.0
01847,云南建投混凝土,342.0
06877,TE HEALTHCARE,341.0
02310,时代环球集团,341.0
08028,天时资源,341.0
00110,中国长远,341.0
08161,医汇集团,341.0
01232,金轮天地控股,340.0
06922,康沣生物-B,340.0
01146,汇成国际控股,340.0
01123,中港照相,339.0
00158,万邦投资,339.0
03638,亨利加集团,339.0
06696,多想云,338.0
01425,捷隆控股,338.0
08337,直通电讯,336.0
02330,中国上城,336.0
02205,康桥悦生活,336.0
00084,宝光实业,335.0
02621,手回集团,334.0
01593,辰林教育,334.0
00306,冠忠巴士集团,334.0
01581,进昇集团控股,334.0
01937,佳辰控股,333.0
01452,迪诺斯环保,332.0
06080,荣智控股,332.0
02458,望尘科技控股,332.0
01301,德基科技控股,331.0
00287,永发置业,331.0
08237,华星控股,330.0
01443,富临集团控股,330.0
01627,安保工程控股,329.0
01156,CHINANEWENERGY,329.0
07656,瑞为技术,328.0
01927,久久王,328.0
02571,赛目科技,328.0
01711,欧化,328.0
08419,AV策划推广,327.0
01746,万顺集团控股,327.0
00776,帝国科技集团,326.0
02531,广联科技控股,325.0
01993,雅仕维,325.0
00599,怡邦行控股,325.0
01901,飞扬集团,325.0
01460,扬科集团,324.0
01420,川控股,324.0
00202,润中国际控股,324.0
01187,可孚医疗,324.0
01335,顺泰控股,323.0
02337,众诚能源,323.0
03616,恒达集团控股,323.0
09908,嘉兴燃气,323.0
02496,友芝友生物-B,322.0
01948,优矩控股,322.0
09906,宏力医疗管理,321.0
00375,YGM 贸易,320.0
01740,新石文化,319.0
00660,玮俊生物科技,319.0
00396,兴利(香港)控股,319.0
08232,一木集团,319.0
02335,麦科医药-B,319.0
02130,嘉泓物流,318.0
06898,中国铝罐,318.0
00674,中国唐商,318.0
08436,德宝集团控股,318.0
01553,迈科管业,318.0
00380,中国管业,317.0
08067,东方大学城控股,317.0
00224,建生国际,317.0
02663,应力控股,317.0
01001,沪港联合,317.0
08059,朝威控股,317.0
02667,同仁堂医养,317.0
08096,赏之味,317.0
06838,盈利时,316.0
04333,思科-T,316.0
00244,先施,316.0
08290,亚势备份,315.0
01447,新福港,314.0
08428,汉诺佳池,314.0
08176,超人智能,313.0
08118,中资国际控股,313.0
01796,中国数智科技,313.0
01663,汉港控股,313.0
01949,佰达国际控股,312.0
01376,RAFFLESINTERIOR,312.0
08245,烽翼集团,312.0
08117,中国基础能源,312.0
09958,力天影业,311.0
08367,倩碧控股,311.0
01957,大人国际,310.0
01936,利特米,310.0
08206,神通机器人教育,310.0
08401,华夏水务集团,309.0
82333,长城汽车-R,309.0
02250,小黄鸭德盈,309.0
08222,壹照明,309.0
02436,凌雄科技,309.0
08437,德斯控股,308.0
01172,融太集团,308.0
08373,靛蓝星,308.0
08268,智城发展控股,308.0
09929,澳达控股,307.0
02505,EDA集团控股,307.0
01855,中庆股份,307.0
06133,维太创科,306.0
08282,智傲控股,306.0
01543,中盈盛达融资担保,304.0
01782,国际商业数字技术,304.0
00684,亚伦国际,304.0
01547,IBI GROUP HLDGS,304.0
08516,中盈国际,304.0
01741,成志控股,303.0
01870,绿色电能集团,303.0
01955,庄臣控股,302.0
08430,春能控股,302.0
02290,龙丰集团,302.0
00105,凯联国际酒店,301.0
01629,冠均国际控股,300.0
08320,沛然环保,299.0
01486,思城控股,299.0
01389,美捷汇控股,299.0
08619,NIU HOLDINGS,299.0
08645,比特元宇宙,298.0
08249,瑞远智控,298.0
01348,滉达富控股,298.0
08106,芯化兰德,297.0
06939,美佳音控股,297.0
08186,浩盟控股,296.0
02215,德信服务集团,296.0
03928,中国新零售供应链,295.0
08031,易通讯集团,295.0
08331,倍搏集团,295.0
04336,应用材料-T,294.0
08188,骏杰集团控股,294.0
00118,大同机械,294.0
01010,天玺曜11,293.0
02361,中康科技控股,293.0
08646,中国宏光,292.0
02017,沧海控股,292.0
08422,WT集团,292.0
01853,春城热力,291.0
01429,天任集团,290.0
08606,倢冠控股,290.0
06132,华健未来-B,290.0
00352,富阳,289.0
00804,鼎石资本,288.0
01483,网誉科技,288.0
02539,乐摩科技,288.0
00768,开明投资,288.0
02569,舒宝国际,286.0
01408,濠江机电,286.0
09938,华和控股,286.0
08107,细叶榕科技,286.0
08370,智昇集团控股,285.0
08300,今米房集团,285.0
06162,天瑞汽车内饰,285.0
01849,秀商时代控股,285.0
00248,香港通讯国际控股,284.0
00213,乐声电子,283.0
08036,电子交易集团,283.0
80992,联想集团-R,283.0
01472,生兴控股,282.0
02078,荣阳实业,282.0
08483,名仕快相,281.0
02529,泓盈城市服务,280.0
08163,声扬集团,280.0
06918,九泰数智,279.0
01780,荣尊国际控股,278.0
01738,飞尚无烟煤,278.0
02025,瑞丰动力,278.0
01596,翼辰实业,278.0
01737,亚洲实业集团,276.0
08445,怡康泰工程集团,276.0
00356,鼎立资本,275.0
02258,华滋国际海洋,275.0
08621,METROPOLIS CAP,275.0
00701,北海集团,273.0
08482,万励达,273.0
02165,领悦服务集团,273.0
01084,绿新生物科技,273.0
01842,植华集团,273.0
00339,全球数字控股,273.0
02385,读书郎,272.0
02490,乐舱控股,272.0
09933,GHW INTL,272.0
86618,京东健康-R,271.0
03683,荣丰亿控股,270.0
01962,训修实业,269.0
02546,智汇矿业,268.0
08196,福田股份,268.0
02581,明基医院,268.0
01695,椰丰集团,268.0
01343,伟源控股,268.0
01587,欣融国际,267.0
08069,飞道旅游科技,266.0
08308,古兜控股,265.0
01026,环球实业科技,265.0
08309,万成环球控股,264.0
08418,傲迪玛汽车,264.0
01160,金石资本集团,263.0
08191,鸿伟亚洲,263.0
01223,新沣集团,262.0
02632,泽景股份,262.0
01742,HPC HOLDINGS,262.0
02409,洲际船务,262.0
08213,荣晖控股,261.0
01582,华营建筑,261.0
06802,欢创科技,261.0
02651,大众口腔,261.0
06119,天源集团,260.0
01863,中国龙天集团,259.0
01715,智慧健康科技,259.0
08635,大象控股集团,259.0
08070,侨洋国际控股,259.0
00099,王氏国际,258.0
02265,鸿承环保科技,258.0
01943,金石控股集团,257.0
06928,万马控股,257.0
02031,澳至尊,257.0
02455,润华服务,257.0
01637,顺兴集团控股,256.0
08611,九福来,256.0
08375,数盟资本,256.0
01757,环球华商俱乐部,255.0
06727,星环科技,255.0
08218,毅高国际控股,255.0
06829,龙昇集团控股,253.0
00720,意达利控股,253.0
06915,江西生物,252.0
01134,恒发光学,252.0
08277,骏东控股,252.0
02110,天成控股,251.0
01920,巨美集团,251.0
00905,胡桃资本,251.0
00436,新宇环保,251.0
03348,中国鹏飞集团,251.0
01850,美好生活集团控股,250.0
01894,恒益控股,250.0
02271,众安智慧生活,249.0
01440,应星控股,249.0
03395,吉星新能源,248.0
08527,聚利宝控股,248.0
01552,BHCC HOLDING,248.0
01987,BENG SOON MACH,247.0
08297,海纳星空科技,246.0
01703,谊和股份,246.0
03830,童园国际,245.0
01871,向中国际,245.0
09607,彤程新材,244.0
00077,进智公共交通,243.0
02720,乐欣户外,242.0
08133,吉盛集团控股,241.0
00021,大中华控股,241.0
08281,中国金典集团,241.0
08357,REPUBLIC HC,241.0
00079,世纪建业,240.0
02482,维天运通,240.0
01933,元力控股,240.0
08475,易站绿色科技,240.0
08496,环球友饮智能,240.0
08035,骏高控股,240.0
09918,丽年国际,238.0
08053,比优集团,238.0
03878,VICON HOLDINGS,237.0
01073,大禹金融,236.0
00115,钧濠集团,236.0
06933,新娱科控股,236.0
01354,经发物业,236.0
01825,STERLING GP,234.0
02147,正味集团,234.0
01702,东光化工,234.0
02440,迷策略,234.0
08319,思博系统,232.0
08536,TL NATURAL GAS,232.0
01827,卓珈控股,232.0
08113,时腾科技,232.0
02381,蚬壳电业,232.0
09978,方圆生活服务,231.0
01759,中油洁能控股,230.0
02593,草姬集团,230.0
02672,白鸽在线,230.0
08131,诺亚智能,230.0
01856,依波路,229.0
09686,熙康云医院,229.0
00571,丰德丽控股,229.0
08136,英马斯集团,228.0
08613,东方支付集团控股,228.0
80175,吉利汽车-R,228.0
02881,武汉有机,227.0
02350,数科集团,227.0
08052,陆庆娱乐,227.0
02376,鲁商服务,226.0
03321,中科集团控股,226.0
01906,博尼控股,225.0
01002,威铖国际,225.0
03963,融众金融,224.0
01559,均安控股,224.0
02682,润利海事,224.0
02370,力高健康生活,224.0
08372,君百延集团,224.0
01539,知行集团控股,223.0
03997,电讯首科,223.0
06805,金茂源环保,223.0
01736,中国育儿网络,223.0
08062,俊盟国际,221.0
02585,梦金园,221.0
01722,建鹏控股,220.0
08360,简朴新生活,220.0
01597,纳泉能源科技,220.0
08080,北亚策略,219.0
02885,彼岸控股,219.0
01707,致浩达控股,218.0
02363,通达宏泰,218.0
08471,新达控股,218.0
02512,云工场,218.0
08511,民富国际,217.0
01496,亚积邦租赁,217.0
01047,毅兴行,217.0
08221,高裕金融,216.0
02396,青城新药-B,216.0
00406,有利集团,216.0
01570,伟业控股,216.0
08452,富银融资股份,216.0
00214,汇汉控股,215.0
01967,信恳智能,215.0
01835,瑞威资管,215.0
08448,环球印馆,215.0
02439,中宝新材,215.0
08043,ATLINKS,215.0
02925,金泰能源控股,214.0
02195,盈汇企业控股,214.0
02272,科拓股份,211.0
08420,NEXION TECH,211.0
08385,万里印刷,211.0
01650,HYGIEIA GROUP,211.0
00114,兴利集团,210.0
00770,楠爵资本,210.0
02116,江苏创新,210.0
02915,云迹,208.0
00413,南华集团控股,207.0
01235,专业旅运,207.0
02227,守益控股,207.0
00191,丽新国际,206.0
08079,曌生命,206.0
01975,新兴印刷,206.0
00387,力丰(集团),205.0
02605,METALIGHT,205.0
08612,维亮控股,203.0
02797,齐云山食品,203.0
01767,TS WONDERS,202.0
02479,天聚地合,201.0
00430,东方兴业控股,201.0
00093,零在科技金融,199.0
01869,猫屎咖啡控股,199.0
08432,太平洋酒吧,199.0
01540,澳狮环球,198.0
00428,中国天弓控股,198.0
02261,拿森科技,198.0
00310,嘉进投资国际,197.0
08400,亚洲先锋娱乐,197.0
09609,海伟股份,196.0
09893,比优集团,195.0
02427,GUANZE MEDICAL,195.0
08205,交大慧谷,195.0
01283,高陞集团控股,194.0
00247,尖沙咀置业,193.0
02175,中国通才教育,192.0
08426,雅居投资控股,192.0
08525,百应控股,192.0
01719,中国通商集团,191.0
02917,智算能建股权,191.0
08347,F8企业,191.0
01795,亚东集团,191.0
01271,佳明集团控股,191.0
01059,看通集团,190.0
02619,香江电器,190.0
01751,智算能建,190.0
02405,力盟科技,188.0
01667,迪米生活控股,188.0
06063,智中国际,188.0
01542,台州水务,187.0
08208,永通万国集团,186.0
01689,华禧控股,186.0
08412,新爱德集团,185.0
01379,温岭工量刃具,185.0
01690,立基工程控股,185.0
81299,友邦保险-R,184.0
01406,清晰医疗,184.0
08411,K W NELSON GP,184.0
06083,环宇物流(亚洲),184.0
08472,立高控股,183.0
08431,浩柏国际,182.0
06113,比特策略,182.0
08507,爱世纪集团,181.0
01577,汇鑫小贷,181.0
08098,昌利控股,181.0
01621,域高国际控股,181.0
08620,亚洲速运,181.0
08547,PACIFIC LEGEND,180.0
08403,德丰宿来,180.0
08500,天泓文创,180.0
00948,阿尔法企业,179.0
01631,REF HOLDINGS,179.0
06228,自由黄金-DRS,178.0
08065,高萌科技,178.0
02738,华津国际控股,178.0
02573,新琪安,177.0
08423,CHI HO DEV,177.0
08450,钜京控股,176.0
08631,申港控股,176.0
03789,御佳控股,176.0
08659,易和国际控股,176.0
02263,富石金融,175.0
02129,LEGION CONSO,175.0
02270,德商产投服务,174.0
01653,MOS HOUSE,174.0
08341,艾硕控股,173.0
08241,英记茶庄集团,172.0
08286,长城微光,172.0
02152,苏新服务,172.0
02499,佛朗斯股份,171.0
08521,智云国际控股,171.0
01793,伟工控股,171.0
06890,康利国际控股,171.0
01891,兴合控股,170.0
01370,奥威控股,170.0
08465,高科桥,170.0
01413,铸帝控股,170.0
08115,清大东方,170.0
02923,世纪集团国际,169.0
80737,湾区发展-R,169.0
08627,旅橙文化,169.0
08476,大洋环球控股,168.0
08377,维港育马,168.0
02153,达丰设备,168.0
02418,德银天下,168.0
09879,米高集团,167.0
02649,优乐赛共享,167.0
08429,华美乐乐,167.0
08451,日光控股,167.0
00301,三和精化,166.0
01529,乐氏国际控股,166.0
08425,兴铭控股,165.0
01620,富盈环球集团,164.0
04332,AMGEN-T,163.0
08603,亮晴控股,163.0
02442,怡俊集团控股,163.0
82388,中银香港-R,163.0
02536,百乐皇宫,162.0
02108,K2 F&B,162.0
06611,三巽集团,160.0
02907,中木国际股权,160.0
02352,东原仁知服务,159.0
02481,双良睿能,158.0
08229,未来数据集团,158.0
01930,勋龙,158.0
01750,全达电器集团控股,158.0
08447,MS CONCEPT,157.0
00693,陈唱国际,156.0
08149,浩德控股,156.0
08042,高奥士人才集团,156.0
01615,奥邦建筑,155.0
01204,博维智慧,155.0
01960,TBKS HLDGS,155.0
08152,明梁控股,153.0
01747,HOME CONTROL,152.0
08365,亦辰集团,152.0
08537,创辉珠宝,152.0
08529,优博控股,152.0
02966,亚太资源股权,152.0
00513,恒和集团,152.0
02540,乐思集团,151.0
02932,正味集团股权,151.0
01545,设计都会,151.0
09963,高科桥光导,150.0
02321,双财庄,150.0
01471,众淼控股,149.0
01416,CTR HOLDINGS,149.0
09881,容大科技,148.0
00176,先机企业集团,148.0
01932,中漆集团,148.0
06163,彭顺国际,147.0
08456,民信国际控股,147.0
00277,太兴置业,147.0
08493,炙龙控股,146.0
01546,德莱建业,145.0
01407,交运燃气,145.0
01947,美皓集团,145.0
01641,红星冷链,144.0
08637,元续科技,144.0
02530,纽曼思,144.0
08333,阿仕特朗金融,144.0
01693,璋利国际,143.0
08013,ECI TECH,143.0
01463,C-LINK SQ,142.0
03938,LFG投资控股,142.0
02433,中天湖南集团,142.0
08549,金叶国际集团,142.0
01427,中国天保集团,141.0
02596,宜宾银行,141.0
02863,高丰集团控股,141.0
00529,新龙国际,140.0
08091,奥传思维控股,139.0
02545,中赣通信,139.0
08623,中国蜀塔,139.0
09998,光荣控股,139.0
01656,亿仕登控股,138.0
08532,宝发控股,138.0
06966,中国万桐园,138.0
08616,新威工程集团,137.0
01867,标准发展集团,137.0
08481,盛龙锦秀国际,136.0
08262,宏强控股,136.0
08519,新享时代,135.0
01732,象兴科技,135.0
01792,CMON,134.0
02930,卓越睿新(一百),134.0
02597,讯众通信,134.0
08526,荣丰集团亚洲,133.0
03728,正利控股,132.0
00676,创信国际,132.0
01845,维港环保科技,132.0
01854,中国万天控股,130.0
80291,华润啤酒-R,130.0
06193,泰林科建,129.0
08509,威扬酒业控股,128.0
03919,金力集团,128.0
02521,升辉清洁,127.0
01802,文业集团,127.0
01748,信源企业集团,125.0
01841,优越集团控股,124.0
02502,金源氢化,124.0
08350,立桥证券控股,123.0
01721,FSM HOLDINGS,123.0
08495,1957 & CO.,123.0
08285,森浩集团,123.0
02613,汇舸环保,123.0
02503,中深建业,122.0
01790,达力环保,122.0
02921,首惠产业金融,121.0
02913,天成控股,120.0
02516,泛远国际,120.0
08023,邝文记,120.0
02515,天津建发,120.0
01832,海天地悦旅,119.0
01897,美亨实业,119.0
06661,湖州燃气,118.0
02497,富景中国控股,118.0
07836,AQUILA ACQ-Z,118.0
02457,步阳国际,117.0
01410,安领国际,117.0
08489,裕程物流,115.0
00368,德合集团,115.0
02625,江苏宏信,114.0
00475,中发展控股,114.0
08485,竣球控股,112.0
01213,万保刚集团,112.0
80016,新鸿基地产-R,112.0
08103,HMVOD视频,111.0
08510,TOPSTANDARDCORP,110.0
02132,誉燊丰控股,110.0
01861,保宝龙科技,110.0
01218,永义国际,109.0
01820,济丰包装,108.0
08362,运兴泰集团,108.0
02102,德利机械,103.0
01903,JBB BUILDERS,103.0
06182,乙德投资控股,102.0
01005,美力时集团,102.0
02486,普乐师集团控股,102.0
09900,智云科技建设,99.0
08601,宝燵控股,99.0
02260,环龙控股,99.0
01770,东方科脉,98.0
02535,泓基集团,98.0
02347,友和集团,98.0
02693,金岩高岭新材,97.0
08439,新百利融资,95.0
08501,庄皇集团公司,95.0
02501,迈越科技,95.0
08313,杰地集团,94.0
01481,竣球控股,94.0
01334,瑞昌国际控股,94.0
08535,荧德控股,94.0
09639,荣利营造,93.0
08657,TRUE PARTNER,91.0
02450,淮北绿金股份,91.0
01402,超智能控股,91.0
00924,坤集团,91.0
02916,创科实业(五百),90.0
02892,万城控股,89.0
08668,瀛海集团,89.0
08209,美捷滙控股,88.0
00252,华信地产财务,88.0
01442,鹰辉物流,87.0
02904,CMON RTS,87.0
01657,桦欣控股,85.0
01284,新传企划,81.0
08441,国际永胜集团,80.0
02528,尚晋国际控股,79.0
03860,EPS创健科技,78.0
03119,ETFS铂金,76.0
02372,伟立控股,76.0
01915,泰和小贷,76.0
08169,环康集团,75.0
02671,美联股份,74.0
01489,GC CONSTRUCTION,72.0
02938,帝王国际投资,71.0
02902,生物系统工程股权,70.0
02987,马可数字科技股权,69.0
02935,中科闻歌(二百),67.0
03006,X安硕A股基建,67.0
00335,美建集团,67.0
02928,港仔机器人股权,66.0
02818,潘渡比特币,64.0
08617,永联丰控股,63.0
07855,TECHSTARACQ-Z,62.0
08610,BBSB INTL,61.0
06812,永顺控股香港,60.0
02520,山西安装,56.0
02421,嘉创地产,52.0
01162,莹岚集团,52.0
08629,集信国控,52.0
02929,青岛啤酒(二千),50.0
03774,亮晴控股,49.0
02483,K CASH集团,45.0
02295,丰城控股,45.0
02922,伟禄科技股份,43.0
08581,港娱国际股权,42.0
03032,恒生科技ETF,39.0
03139,安硕人债基金,38.0
03004,安硕亚洲小型股,35.0
04621,CINDA 21USDPREF,34.0
06663,国际永胜集团,32.0
08567,金威医疗,28.0
08573,中华节能,27.0
02841,X安硕主要消费,26.0
09689,金泰丰国际控股,26.0
03039,X安硕A股原材料,25.0
08580,吉辉控股股权,25.0
08579,龙皇集团,24.0
03050,X安硕A股能源,23.0
03001,X安硕可选消费,23.0
08583,朗华国际集团,20.0
08582,清大东方(四千),19.0
09882,永联丰控股,16.0
09876,大洋环球控股,14.0
03134,F 三星恒期人汇,9.0
03064,GX亚太,9.0
03071,X大成中国消费,5.0
03075,HZ标普亚洲工业,5.0
03426,03426,0.0
03412,03412,0.0
03413,03413,0.0
02826,未来中国云算,
09788,09788,
02820,未来中国生科,
09711,09711,
09366,09366,
02809,GX中国洁能,
03077,PP美国国库,
03033,南方恒生科技,
02806,GX中国消费,
02814,X领先日本ETF,
03037,X易亚菲律宾,
03088,华夏恒生科技,
03069,X易亚泰国,
