symbol,name,board,followers,rate_3d,chg_3d,rate_7d,rate_30d,rate_90d,current,last_close,percent,market_capital,turnover_rate,pe_ttm,pb,dividend_yield
SZ301513,尚水智能,创业板,2150.0,21.195039458850058,376.0,,,,71.89,67.81,6.02,7189000000.0,57.66,84.701,5.526,0.654
SH600241,时代万恒,沪市主板,15330.0,9.492179130062137,1329.0,,,,11.76,10.69,10.01,3460992872.0,1.99,-23.305,3.385,
SZ301599,理奇智能,创业板,2587.0,7.478188616535106,180.0,,,,36.7,37.0,-0.81,15839720000.0,33.83,65.412,7.313,0.409
SZ301190,善水科技,创业板,7012.0,6.033570240435506,399.0,,,,43.99,39.52,11.31,9441859635.0,13.52,86.409,4.727,0.327
SZ001336,楚环科技,深市主板,2890.0,3.8447718289615525,107.0,,,,22.72,20.65,10.02,2373911696.0,24.13,56.073,2.875,0.405
SH600812,华北制药,沪市主板,45362.0,3.587495147404718,1571.0,,,,6.03,5.48,10.04,10345854131.0,6.75,83.837,1.875,0.58
SZ301636,泽润新能,创业板,2185.0,3.0174446016030174,64.0,,,,43.42,44.4,-2.21,2809018821.0,10.34,-188.985,2.584,
SZ002058,紫竹高科,深市主板,23688.0,2.906294799947869,669.0,,,,24.44,22.22,9.99,3505877234.0,2.88,104.124,48.396,
SZ001316,润贝航科,深市主板,11142.0,2.7764966331519236,301.0,,,,26.77,26.61,0.6,4314295711.0,2.48,19.745,3.178,2.469
SZ301234,五洲医疗,创业板,5685.0,2.710027100271003,150.0,,,,147.0,147.98,-0.66,9996000000.0,8.43,421.039,13.104,0.136
SZ301688,格林生物,创业板,1071.0,2.586206896551724,27.0,,,,40.01,40.34,-0.82,5334666693.0,19.12,29.166,3.29,
SH603200,上海洗霸,沪市主板,52528.0,2.4696656392649525,1266.0,,,,53.92,49.21,9.57,9461887154.0,20.5,-393.695,8.714,0.056
SZ300530,领湃科技,创业板,16204.0,2.3820054337524486,377.0,,,,28.9,24.08,20.02,4969394131.0,15.04,-72.651,56.823,
SH605303,园林股份,沪市主板,8614.0,2.316189571207982,195.0,,,,32.21,31.53,2.16,5193456912.0,16.3,-31.197,6.601,
SZ301119,正强股份,创业板,4273.0,2.298300215465645,96.0,,,,32.99,30.49,8.2,4803344000.0,8.75,49.084,4.461,0.261
SH688099,晶晨股份,科创板,29259.0,2.2469946882862737,643.0,,,,99.71,94.57,5.44,42209236701.0,9.22,42.756,5.294,0.199
SH603334,丰倍生物,沪市主板,2407.0,2.208067940552017,52.0,,,,33.02,33.41,-1.17,4738370000.0,7.43,34.608,2.739,1.06
SH601956,东贝集团,沪市主板,8443.0,2.141301717880474,177.0,,,,5.32,5.52,-3.62,3307000259.0,6.26,-79.051,1.404,1.861
SH688175,高凌信息,科创板,2288.0,2.0517395182872438,46.0,,,,30.66,30.94,-0.9,5154316986.0,4.57,-774.458,3.017,0.251
SZ301486,致尚科技,创业板,24525.0,2.051431424766977,493.0,,,,222.0,209.86,5.78,28581000168.0,16.4,-374.946,11.044,
SH603863,松炀资源,沪市主板,7792.0,1.9361590790162218,148.0,,,,13.88,13.62,1.91,2840542000.0,11.71,-15.174,13.029,
SZ301449,天溯计量,创业板,1751.0,1.8615474112856312,32.0,,,,44.89,42.8,4.88,4098652182.0,25.81,41.777,3.534,0.956
SH603906,龙蟠科技,沪市主板,52849.0,1.648330512386521,857.0,,,,21.37,20.94,2.05,16906061431.0,18.99,50.75,3.263,
SZ300619,金银河,创业板,22681.0,1.6401523638807975,366.0,,,,28.5,28.17,1.17,6502558718.0,16.91,85.124,4.082,0.088
SZ002866,传艺科技,深市主板,53779.0,1.6097643924650935,852.0,,,,18.32,18.59,-1.45,5304047730.0,41.53,81.298,2.529,0.328
SZ301662,宏工科技,创业板,8712.0,1.5384615384615385,132.0,,,,78.18,76.43,2.29,9068880000.0,18.62,90.596,5.971,0.53
SZ002774,快意电梯,深市主板,11674.0,1.5307009914767786,176.0,,,,18.83,19.04,-1.1,6339833157.0,8.62,114.793,5.598,1.593
SZ002923,润都股份,深市主板,20060.0,1.5284947869217531,302.0,,,,12.25,11.5,6.52,4102442754.0,20.85,304.515,3.802,
SZ300683,海特生物,创业板,17188.0,1.4759711890423899,250.0,,,,26.43,27.25,-3.01,3459538754.0,17.2,-12.776,1.661,
SH688196,卓越新能,科创板,12319.0,1.4243372303639057,173.0,,,,36.63,36.12,1.41,4658998821.0,6.48,87.455,1.499,1.365
SZ001300,三柏硕,深市主板,9933.0,1.4088820826952528,138.0,,,,14.86,13.51,9.99,3622510082.0,3.41,-36.834,3.823,
SH603210,泰鸿万立,沪市主板,1908.0,1.381509032943677,26.0,,,,13.61,13.73,-0.87,4632844000.0,2.44,21.623,2.376,0.867
SH605507,国邦医药,沪市主板,9883.0,1.2706219899579876,124.0,,,,17.31,17.5,-1.09,13542528699.0,1.16,19.166,1.612,2.478
SH605177,东亚药业,沪市主板,5699.0,1.261549395877754,71.0,,,,28.29,25.72,9.99,3245033079.0,13.36,-19.028,2.04,
SH688098,申联生物,科创板,3799.0,1.2256861177724487,46.0,,,,8.32,8.41,-1.07,3416558080.0,0.89,-127.618,2.464,
SH688176,亚虹医药-U,科创板,7103.0,1.1823361823361824,83.0,,,,13.47,12.94,4.1,7707428503.0,3.52,-15.641,5.693,
SH688805,健信超导,科创板,3049.0,1.1612475116124752,35.0,,,,38.4,38.23,0.44,6438912000.0,3.27,69.641,5.267,0.781
SZ300875,捷强装备,创业板,13726.0,1.1421413307788668,155.0,,,,33.8,33.19,1.84,3374414584.0,9.87,-29.752,3.977,
SZ001266,宏英智能,深市主板,9077.0,1.125222816399287,101.0,,,,40.64,41.62,-2.35,4212403544.0,15.96,98.829,4.372,0.723
SH603183,建研院,沪市主板,13458.0,1.111945905334335,148.0,,,,5.06,5.19,-2.5,2515595450.0,12.91,-1240.819,1.577,0.099
SH688573,信宇人,科创板,3740.0,1.1084076777507434,41.0,,,,17.75,18.08,-1.83,1735140387.0,16.62,-3.62,5.771,
SH688758,赛分科技,科创板,4911.0,1.0701790491870755,52.0,,,,29.06,29.77,-2.38,12102446281.0,4.55,65.948,8.72,0.241
SZ002242,九阳股份,深市主板,120139.0,1.0624516302701976,1263.0,,,,15.13,13.75,10.04,11544447210.0,18.28,173.112,3.566,0.991
SH600513,联环药业,沪市主板,38102.0,1.0475508526268333,395.0,,,,16.28,16.6,-1.93,4647228076.0,13.53,-97.258,3.681,0.43
SZ002805,丰元股份,深市主板,44942.0,1.0023372887450557,446.0,,,,19.44,17.67,10.02,5444415156.0,11.36,-56.707,5.432,
SH603968,醋化股份,沪市主板,21308.0,0.9953550099535502,210.0,,,,11.86,12.3,-3.58,2425132800.0,8.13,-36.018,1.373,
SZ300843,胜蓝股份,创业板,19207.0,0.9778665685295199,186.0,,,,116.28,120.11,-3.19,19965025882.0,4.11,126.682,11.159,0.164
SZ002951,金时科技,深市主板,14154.0,0.8910114762278138,125.0,,,,16.65,17.17,-3.03,6711013935.0,4.18,-30.312,4.435,
SH600617,国新能源,沪市主板,24098.0,0.8833256583078662,211.0,,,,3.72,3.74,-0.53,7176593407.0,11.8,-28.547,2.254,
SZ301283,聚胶股份,创业板,3950.0,0.8682328907048007,34.0,,,,25.38,25.43,-0.2,2949733547.0,1.03,16.262,1.825,5.213
SZ002882,金龙羽,深市主板,47795.0,0.8312060926984662,394.0,,,,26.94,26.95,-0.04,11662326000.0,16.43,148.249,5.525,0.371
SZ300450,先导智能,创业板,192625.0,0.8280858236103914,1582.0,,,,36.73,37.59,-2.29,61494153271.0,9.88,34.555,3.418,0.781
SH600127,金健米业,沪市主板,98935.0,0.8254777070063694,810.0,,,,15.18,13.8,10.0,9742269249.0,31.47,-557.651,14.725,
SH688662,富信科技,科创板,26586.0,0.8229360233607645,217.0,,,,114.76,112.14,2.34,13163619705.0,16.86,319.978,18.316,0.268
SZ002687,乔治白,深市主板,16070.0,0.8218834305790828,131.0,,,,6.26,6.14,1.95,3159919614.0,13.45,38.301,2.074,1.31
SH600408,安泰集团,沪市主板,23508.0,0.8148211681962432,190.0,,,,3.78,3.44,9.88,3805704000.0,20.91,-13.553,3.359,
SH688137,近岸蛋白,科创板,14672.0,0.8038474750944692,117.0,,,,161.18,150.0,7.45,11269295075.0,12.58,-136.161,5.639,
SZ002388,新亚制程,深市主板,25706.0,0.7209466342763107,184.0,,,,9.1,9.1,0.0,4609461402.0,0.0,-113.719,4.929,
SZ300426,华智数媒,创业板,23981.0,0.6928115552569701,165.0,,,,8.2,7.79,5.26,3693139042.0,9.86,-12.762,24.005,
SZ300413,芒果超媒,创业板,86490.0,0.6821568262246228,586.0,,,,23.0,19.17,19.98,43026578745.0,11.17,64.659,1.864,1.13
SH601975,招商南油,沪市主板,67158.0,0.6640185865247695,443.0,,,,4.78,4.97,-3.82,22372047561.0,9.25,14.403,1.835,0.565
SH600400,红豆股份,沪市主板,25654.0,0.6512868801004394,166.0,,,,3.98,3.62,9.94,9119659971.0,8.51,-21.692,7.096,
SH600026,中远海能,沪市主板,121753.0,0.6505960352495742,787.0,,,,23.49,22.62,3.85,128519695433.0,4.07,19.143,2.672,2.81
SZ002733,雄韬股份,深市主板,72247.0,0.642186498760204,461.0,,,,20.78,18.89,10.01,7983985892.0,5.71,211.809,2.968,0.707
SZ300489,光智科技,创业板,45541.0,0.6386458057102449,289.0,,,,278.82,263.0,6.02,38799987555.0,11.98,-584.235,49.874,
SH605566,福莱蒽特,沪市主板,5122.0,0.6286836935166994,32.0,,,,33.47,34.12,-1.91,4462889800.0,4.43,86.834,2.165,0.296
SH600789,鲁抗医药,沪市主板,86822.0,0.6258547553371503,540.0,,,,8.28,8.15,1.6,8654171362.0,11.27,60.259,1.647,0.604
SZ301010,晶雪节能,创业板,7804.0,0.6188757091284167,48.0,,,,20.87,21.15,-1.32,2253960000.0,6.47,380.116,2.705,
SZ301262,海看股份,创业板,5729.0,0.5970149253731344,34.0,,,,21.88,20.71,5.65,9123960000.0,23.73,26.665,2.365,2.834
SZ300209,行云科技,创业板,48885.0,0.584350116252752,284.0,,,,34.46,33.77,2.04,32000800902.0,9.51,-438.094,34.055,
SZ301683,慧谷新材,创业板,2773.0,0.5803409503083061,16.0,,,,98.9,98.91,-0.01,6242211960.0,7.76,29.67,2.647,1.112
SH688755,汉邦科技,科创板,1737.0,0.5790387955993052,10.0,,,,28.88,29.32,-1.5,3303872000.0,3.04,43.329,2.571,0.319
SZ001312,福恩股份,深市主板,1057.0,0.570884871550904,6.0,,,,18.1,18.0,0.56,4223333345.0,4.64,18.743,1.798,1.105
SZ001201,东瑞股份,深市主板,15220.0,0.5549682875264271,84.0,,,,14.94,15.36,-2.73,3851292975.0,4.26,-6.54,1.397,
SZ002580,圣阳股份,深市主板,64743.0,0.5435373410153278,350.0,,,,20.72,21.36,-3.0,9404165535.0,23.09,56.362,3.848,0.193
SH600722,金牛化工,沪市主板,50436.0,0.5342050709615691,268.0,,,,16.88,16.19,4.26,11483796131.0,23.27,203.904,8.946,
SZ002172,澳洋健康,深市主板,39681.0,0.5116644291902024,202.0,,,,5.91,5.66,4.42,4525478248.0,25.82,133.494,22.618,
SZ301212,联盛化学,创业板,6146.0,0.49051667756703726,30.0,,,,27.44,28.0,-2.0,2963520000.0,4.93,199.464,2.183,0.372
SH603391,力聚热能,沪市主板,2049.0,0.4904364884747425,10.0,,,,70.86,71.89,-1.43,6448260000.0,16.14,31.28,2.982,2.117
SH603418,友升股份,沪市主板,3181.0,0.4737839545167404,15.0,,,,49.23,50.0,-1.54,9504759498.0,3.31,18.336,2.06,1.686
SZ002702,海欣食品,深市主板,50598.0,0.47259729944400314,238.0,,,,6.16,5.92,4.05,3423481600.0,36.76,-79.643,3.388,
SZ002490,山东墨龙,深市主板,38309.0,0.4720816176663432,180.0,,,,7.43,7.6,-2.24,6368568032.0,11.85,-2276.719,11.794,
SZ300584,海辰药业,创业板,22102.0,0.4682031001409155,103.0,,,,33.52,33.8,-0.83,4022400000.0,11.25,89.455,3.747,0.298
SH601026,道生天合,沪市主板,3435.0,0.46797309154723604,16.0,,,,14.95,15.24,-1.9,9858030000.0,6.41,47.92,3.874,3.211
SH600825,新华传媒,沪市主板,68707.0,0.46645610340995497,319.0,,,,12.53,11.39,10.01,13092444761.0,4.78,306.792,5.207,0.104
SZ000523,红棉股份,深市主板,25238.0,0.465745790374587,117.0,,,,3.65,3.5,4.29,6699459883.0,15.68,54.943,3.358,
SH603727,博迈科,沪市主板,15687.0,0.46109510086455335,72.0,,,,20.93,20.25,3.36,5896384468.0,4.92,-275.812,1.909,0.707
SH688778,厦钨新能,科创板,20568.0,0.4591188824851031,94.0,,,,47.4,46.28,2.42,23922357334.0,4.2,26.259,2.515,1.264
SH603395,红四方,沪市主板,8816.0,0.4557885141294439,40.0,,,,26.59,25.39,4.73,6913400000.0,21.6,206.194,4.891,0.241
SZ301587,中瑞股份,创业板,2729.0,0.44166359955833645,12.0,,,,22.77,22.74,0.13,3354659471.0,8.48,53.387,1.675,1.379
SZ300821,东岳硅材,创业板,42062.0,0.4369731846510184,183.0,,,,17.15,14.29,20.01,20580000000.0,12.56,56.034,3.854,0.117
SH688375,国博电子,科创板,12234.0,0.43510385025859943,53.0,,,,67.59,69.2,-2.33,40284647091.0,0.94,99.639,6.382,0.63
SH603266,天龙股份,沪市主板,24153.0,0.432450413738617,104.0,,,,22.21,21.31,4.22,4417274718.0,8.69,46.57,2.71,0.54
SH603127,昭衍新药,沪市主板,104821.0,0.42730538922155686,446.0,,,,52.6,52.06,1.04,39415716372.0,8.68,40.039,4.392,0.228
SH601872,招商轮船,沪市主板,181950.0,0.42665459743786466,773.0,,,,22.07,22.03,0.18,178205064739.0,2.62,16.429,3.805,1.722
SZ001317,三羊马,深市主板,36853.0,0.4251028694443688,156.0,,,,68.26,66.28,2.99,5840721371.0,15.73,866.38,5.737,
SZ002565,顺灏股份,深市主板,63436.0,0.42108595852461617,266.0,,,,9.44,9.28,1.72,10006295424.0,25.2,174.414,5.388,
SH601579,会稽山,沪市主板,59615.0,0.4177404955615072,248.0,,,,40.28,39.6,1.72,19312786115.0,9.12,69.12,5.145,0.73
SZ001390,古麒绒材,深市主板,3387.0,0.41506077675659653,14.0,,,,17.15,16.99,0.94,3430000000.0,2.13,19.84,2.046,0.752
SH600310,广西能源,沪市主板,58402.0,0.40400914607939215,235.0,,,,4.85,4.97,-2.41,7108697002.0,9.44,-447.553,2.507,0.619
SZ301617,博苑新材,创业板,5479.0,0.4031519149715961,22.0,,,,53.46,53.9,-0.82,9287712720.0,3.61,54.366,5.156,0.475
SH601118,海南橡胶,沪市主板,118375.0,0.399477541050346,471.0,,,,7.16,6.51,9.98,30640703027.0,6.64,-533.223,3.225,
SH603162,海通发展,沪市主板,11949.0,0.39489161485464624,47.0,,,,13.23,13.5,-2.0,18196726757.0,2.74,20.183,3.734,0.506
SZ000011,深物业A,深市主板,43390.0,0.3886909444264495,168.0,,,,12.59,12.12,3.88,7503376768.0,21.58,-154.016,2.265,0.159
SZ301575,艾芬达,创业板,1065.0,0.3770028275212064,4.0,,,,23.88,23.84,0.17,2897551440.0,4.01,25.323,2.046,1.198
SZ301277,新天地,创业板,5102.0,0.37379500295101314,19.0,,,,10.76,10.48,2.67,4218763584.0,2.06,40.573,2.751,1.859
SZ300890,翔丰华,创业板,27032.0,0.37130551017377095,100.0,,,,29.47,29.23,0.82,3524022128.0,18.06,32.622,1.624,0.339
SH688370,丛麟科技,科创板,1093.0,0.3673094582185491,4.0,,,,29.0,28.81,0.66,3976128491.0,1.11,99.647,1.514,0.717
SH605100,华丰股份,沪市主板,12582.0,0.36694320357370774,46.0,,,,41.11,38.4,7.06,9826194420.0,5.49,344.12,5.444,0.122
SH688707,振华新材,科创板,12443.0,0.3629617680271011,45.0,,,,11.16,11.12,0.36,5677540688.0,3.53,-14.587,1.489,
SZ002029,七匹狼,深市主板,41856.0,0.3620668984534228,151.0,,,,9.92,9.19,7.94,6993833487.0,10.08,48.272,1.049,0.968
SZ300876,蒙泰高新,创业板,4528.0,0.3546099290780142,16.0,,,,16.63,16.7,-0.42,2528384523.0,7.11,-56.384,2.497,
SZ002869,金溢科技,深市主板,39207.0,0.34808425686570604,136.0,,,,19.45,19.14,1.62,3440996575.0,12.01,-21.947,1.719,
SZ002728,特一药业,深市主板,53033.0,0.3424657534246575,181.0,,,,10.24,9.94,3.02,5256292475.0,8.22,70.298,2.954,1.455
SH688155,先惠技术,科创板,12911.0,0.3341622629779298,43.0,,,,56.25,56.96,-1.25,7163991169.0,3.97,17.485,2.933,2.124
SZ300073,当升科技,创业板,119925.0,0.3338185834044476,399.0,,,,41.99,41.28,1.72,22854891119.0,7.89,27.157,1.519,0.674
SZ301152,天力锂能,创业板,7531.0,0.33306687982946975,25.0,,,,24.96,22.93,8.85,2963750575.0,26.59,-23.548,2.446,
SZ002669,康达新材,深市主板,34415.0,0.33235182647736217,114.0,,,,14.21,14.7,-3.33,4311314000.0,14.92,41.88,1.575,0.908
SZ000803,山高环能,深市主板,19789.0,0.3295477590752383,65.0,,,,7.31,7.53,-2.92,3408624878.0,5.25,62.167,2.256,
SH603739,蔚蓝生物,沪市主板,22311.0,0.3237555645487657,72.0,,,,13.84,13.71,0.95,3501919505.0,10.1,42.888,1.95,0.723
SZ002972,科安达,深市主板,7255.0,0.31803097345132747,23.0,,,,13.52,13.77,-1.82,3326038976.0,8.64,40.219,2.692,1.834
SH600256,广汇能源,沪市主板,201537.0,0.31307862305134687,629.0,,,,7.2,6.8,5.88,46022421341.0,4.37,25.998,1.842,0.875
SZ301487,盟固利,创业板,16440.0,0.3111843309536884,51.0,,,,18.18,17.45,4.18,8355826843.0,11.77,156.739,4.343,0.033
SZ000869,张裕A,深市主板,86484.0,0.30386676254320244,262.0,,,,19.38,18.76,3.3,12466768881.0,4.31,475.65,1.239,1.316
SZ300801,泰和科技,创业板,15545.0,0.30326493741127886,47.0,,,,22.89,22.92,-0.13,4992290688.0,8.01,31.513,1.875,0.433
SH603937,丽岛新材,沪市主板,12468.0,0.29764298930094124,37.0,,,,13.16,13.16,0.0,2749019615.0,7.2,117.15,1.766,
SH688301,奕瑞科技,科创板,17071.0,0.2937547735150696,50.0,,,,79.99,80.41,-0.52,25069617506.0,1.75,34.766,3.235,0.843
SZ002074,国轩高科,深市主板,243204.0,0.2936179337875064,712.0,,,,30.41,31.3,-2.84,55185797650.0,6.46,16.218,1.831,0.329
SZ002547,*ST春兴,深市主板,82227.0,0.2915060740596185,239.0,,,,2.64,2.73,-3.3,2978070924.0,3.93,-6.402,-5.637,
SZ301378,通达海,创业板,4539.0,0.28722934158197083,13.0,,,,25.49,24.79,2.82,2462334000.0,3.81,-16.906,2.109,
SH601083,锦江航运,沪市主板,9895.0,0.2837741968176751,28.0,,,,13.38,13.02,2.76,17315325600.0,6.68,11.883,1.872,6.315
SZ301210,金杨精密,创业板,4983.0,0.28174683034815856,14.0,,,,30.09,30.32,-0.76,4849275875.0,9.22,56.89,2.554,0.356
SZ001378,德冠新材,深市主板,2497.0,0.28112449799196787,7.0,,,,22.04,22.39,-1.56,3820274307.0,7.65,35.934,2.037,2.264
SH688767,博拓生物,科创板,6475.0,0.2787672293634815,18.0,,,,39.6,40.38,-1.93,5913600026.0,2.28,291.332,2.762,1.768
SZ001233,海安集团,深市主板,2893.0,0.2772963604852686,8.0,,,,44.95,44.4,1.24,8359501363.0,5.07,20.767,1.723,4.449
SH688399,硕世生物,科创板,18551.0,0.2702556618561159,50.0,,,,29.92,27.22,9.92,3713973998.0,6.49,-145.609,1.262,
SH688663,新风光,科创板,10221.0,0.26486168334314303,27.0,,,,55.4,55.6,-0.36,10814459213.0,1.25,124.783,7.783,0.283
SZ301558,三态股份,创业板,4634.0,0.2596278667243618,12.0,,,,6.91,6.78,1.92,5462631559.0,1.75,159.456,3.952,
SH600403,大有能源,沪市主板,34040.0,0.25918944392082943,88.0,,,,7.53,7.41,1.62,18002817387.0,5.11,-9.96,5.835,
SH600121,郑州煤电,沪市主板,55355.0,0.25355428778411665,140.0,,,,5.53,5.65,-2.12,6737818570.0,14.97,-6.463,11.206,
SH688192,迪哲医药-U,科创板,12003.0,0.25056376847907796,30.0,,,,59.95,58.3,2.83,27886692228.0,1.71,-46.706,24.678,
SZ300637,扬帆新材,创业板,13676.0,0.2492303181351708,34.0,,,,10.1,10.13,-0.3,2370976313.0,4.98,-1824.032,3.321,0.297
SZ300675,建科院,创业板,17046.0,0.24700070571630206,42.0,,,,14.58,15.03,-2.99,2138400486.0,9.45,-36.454,4.349,
SZ300769,德方纳米,创业板,61080.0,0.24453890466265119,149.0,,,,45.51,42.45,7.21,12751357245.0,15.64,504.649,2.354,
SH688818,电科蓝天,科创板,9859.0,0.24402643619725473,24.0,,,,40.66,41.8,-2.73,70623325367.0,5.5,211.708,12.83,0.184
SH603092,德力佳,沪市主板,3307.0,0.24249772658381327,8.0,,,,47.74,47.42,0.67,19096004774.0,12.84,22.588,3.354,1.301
SH600521,华海药业,沪市主板,174443.0,0.24019537422784082,418.0,,,,17.45,16.65,4.8,26127077135.0,4.82,41.615,2.739,0.573
SH600929,雪天盐业,沪市主板,25756.0,0.2374002724265421,61.0,,,,5.94,5.88,1.02,9742272741.0,1.27,141.259,1.274,0.253
SH600746,江苏索普,沪市主板,33927.0,0.23635772742045086,80.0,,,,7.56,7.18,5.29,8828892203.0,3.36,36.803,1.571,0.516
SZ301325,曼恩斯特,创业板,17532.0,0.23440626607969814,41.0,,,,33.43,33.14,0.88,4810331624.0,5.36,-28.009,1.849,
SH688238,和元生物,科创板,8676.0,0.23105360443622922,20.0,,,,8.58,8.26,3.87,5568734886.0,7.85,-24.013,4.257,
SZ300107,建新股份,创业板,26564.0,0.23016262309927177,61.0,,,,7.37,7.28,1.24,4147705315.0,6.23,281.181,2.73,
SZ300350,华鹏飞,创业板,22695.0,0.22522522522522523,51.0,,,,4.89,4.93,-0.81,2748240044.0,6.04,-57.365,3.144,
SZ301068,大地海洋,创业板,2681.0,0.22429906542056074,6.0,,,,24.56,24.93,-1.48,3470714624.0,1.99,90.002,4.21,0.407
SZ002384,东山精密,深市主板,203153.0,0.22051641293301627,447.0,,,,145.49,150.66,-3.43,266480579831.0,6.46,74.333,10.936,
SH603351,威尔药业,沪市主板,8184.0,0.2204261572373255,18.0,,,,28.48,28.49,-0.04,3857306479.0,1.41,24.888,2.157,2.107
SZ301273,瑞晨环保,创业板,1365.0,0.22026431718061676,3.0,,,,41.17,37.7,9.2,4129289574.0,8.15,-54.577,4.836,
SZ301616,浙江华业,创业板,2287.0,0.21910604732690622,5.0,,,,37.32,37.11,0.57,2985600000.0,5.26,16.047,2.06,1.072
SH603822,ST嘉澳,沪市主板,17698.0,0.21517553793884486,38.0,,,,67.58,68.0,-0.62,5191893376.0,0.91,29.376,11.508,0.181
SH603209,兴通股份,沪市主板,8895.0,0.21406038756196485,19.0,,,,15.18,15.12,0.4,4933500000.0,1.88,14.2,1.438,1.304
SH688485,九州一轨,科创板,3305.0,0.21224984839296543,7.0,,,,100.0,104.0,-3.85,15029206200.0,4.32,-488.629,12.153,
SH688356,键凯科技,科创板,24352.0,0.20986790667050736,51.0,,,,107.9,108.81,-0.84,6544210530.0,13.1,153.746,5.037,0.286
SH900921,金煤B股,B股,967.0,0.20725388601036268,2.0,,,,0.182,0.186,-2.15,185007412.0,0.47,-16.253,15.69,
SH688765,禾元生物-U,科创板,6975.0,0.2011205286596753,14.0,,,,37.86,36.23,4.5,13534950000.0,7.2,-97.961,4.76,
SZ001280,中国铀业,深市主板,27122.0,0.19949756169646815,54.0,,,,60.96,60.42,0.89,126076363625.0,1.82,67.497,7.281,0.427
SZ300164,通源石油,创业板,29315.0,0.19824315548415766,58.0,,,,9.0,9.31,-3.33,5296127661.0,14.22,-198.707,3.902,
SZ301310,鑫宏业,创业板,6067.0,0.19818331957060278,12.0,,,,60.1,61.01,-1.49,11529952774.0,8.23,86.324,4.877,0.542
SH603075,热威股份,沪市主板,3034.0,0.19815059445178335,6.0,,,,19.75,20.04,-1.45,7947417755.0,6.71,24.383,3.885,3.544
SH603967,中创物流,沪市主板,10120.0,0.19801980198019803,20.0,,,,12.66,12.58,0.64,4388800549.0,1.59,14.974,1.887,5.134
SH603231,索宝蛋白,沪市主板,3549.0,0.1976284584980237,7.0,,,,17.01,17.05,-0.23,3256719376.0,1.61,20.301,1.625,2.175
SZ002107,沃华医药,深市主板,36571.0,0.19726567851174004,72.0,,,,7.35,7.16,2.65,4242490560.0,4.94,34.111,6.383,3.578
SH603172,万丰股份,沪市主板,3646.0,0.1923605386095081,7.0,,,,19.48,19.69,-1.07,2598242400.0,1.91,46.26,2.317,0.359
SH688317,之江生物,科创板,16724.0,0.1917086029235562,32.0,,,,19.19,18.65,2.9,3643100833.0,4.52,-56.017,1.131,
SZ300198,*ST纳川,创业板,21665.0,0.18960414354421015,41.0,,,,2.38,2.34,1.71,2455085525.0,1.23,-8.744,5.651,
SZ000408,藏格矿业,深市主板,119715.0,0.18830027617373837,225.0,,,,73.39,71.79,2.23,115142653796.0,0.61,20.235,6.696,3.398
SZ002316,亚联发展,深市主板,32617.0,0.18736945570708932,61.0,,,,4.85,4.98,-2.61,1906632000.0,34.15,4400.218,24.657,
SZ300461,田中精机,创业板,22902.0,0.1837270341207349,42.0,,,,36.48,37.51,-2.75,5747011484.0,8.26,329.053,10.239,
SZ301286,侨源股份,创业板,3274.0,0.18359853121175032,6.0,,,,47.05,46.2,1.84,18824705000.0,1.1,74.401,9.761,0.961
SZ000668,荣丰控股,深市主板,11504.0,0.1828790385787686,21.0,,,,18.69,18.69,0.0,2808930735.0,0.0,103.898,3.73,0.835
SZ001318,阳光乳业,深市主板,12622.0,0.18255417096594967,23.0,,,,13.43,12.83,4.68,3796123800.0,10.28,41.704,2.635,1.713
SZ300483,首华燃气,创业板,24743.0,0.1822009879342457,45.0,,,,24.2,24.5,-1.22,9319607308.0,3.15,26.804,2.394,
SH688096,京源环保,科创板,3310.0,0.18159806295399517,6.0,,,,8.06,8.03,0.37,1884079905.0,5.56,-27.144,2.292,
SH900936,鄂资B股,B股,4459.0,0.1797348910357223,8.0,,,,1.31,1.308,0.15,3666396893.0,0.13,8.795,1.146,7.786
SH603590,康辰药业,沪市主板,16895.0,0.17788319003854136,30.0,,,,30.98,31.19,-0.67,4996624077.0,3.65,29.281,1.547,1.101
SH688806,泰诺麦博-U,科创板,2256.0,0.17761989342806395,4.0,,,,30.34,27.15,11.75,13972971405.0,42.08,-27.369,14.879,
SZ300736,百邦科技,创业板,6786.0,0.1771479185119575,12.0,,,,35.54,34.89,1.86,4546785875.0,5.74,-172.618,71.408,
SZ002846,英联股份,深市主板,25643.0,0.17579498398312368,45.0,,,,12.39,11.93,3.86,5203721150.0,14.78,122.534,3.631,0.202
SZ002454,松芝股份,深市主板,35071.0,0.17423593259068837,61.0,,,,5.51,5.7,-3.33,4843695977.0,6.4,21.048,1.209,4.519
SZ002785,万里石,深市主板,66202.0,0.17401304341247142,115.0,,,,34.34,34.41,-0.2,7782120326.0,2.44,-128.542,9.511,
SZ301192,泰祥股份,创业板,2310.0,0.17346053772766695,4.0,,,,19.31,19.57,-1.33,1954983020.0,3.14,46.958,2.972,0.766
SH603779,威龙股份,沪市主板,20249.0,0.1731473236370832,35.0,,,,8.58,8.35,2.75,2849270029.0,10.11,-39.235,5.906,
SH688836,宇树科技-W,科创板,69340.0,0.17046603680910694,118.0,,,,432.0,427.8,0.98,174728594880.0,6.28,299.073,19.862,
SZ301166,优宁维,创业板,8233.0,0.17033702396885267,14.0,,,,36.42,35.11,3.73,3138255605.0,11.5,-146.89,1.623,1.631
SH600861,北京人力,沪市主板,19442.0,0.17002421557009634,33.0,,,,12.88,12.81,0.55,7291531808.0,0.37,9.509,1.022,8.02
SH605196,华通线缆,沪市主板,15338.0,0.16980146290491116,26.0,,,,33.2,34.0,-2.35,16964276409.0,2.23,54.488,4.956,
SZ002182,宝武镁业,深市主板,86824.0,0.16843951175615496,146.0,,,,12.3,11.58,6.22,12199036102.0,6.28,-120.755,2.319,
SH603365,水星家纺,沪市主板,17351.0,0.16741715737212795,29.0,,,,17.1,16.41,4.2,4488686730.0,1.36,10.794,1.453,6.918
SH688353,华盛锂电,科创板,19800.0,0.1669449081803005,33.0,,,,87.18,86.21,1.13,13905210000.0,5.71,46.424,3.809,0.334
SH603948,建业股份,沪市主板,12614.0,0.16675931072818231,21.0,,,,20.62,20.79,-0.82,3350526624.0,3.92,21.348,1.642,4.85
SH603538,美诺华,沪市主板,78195.0,0.16652789342214822,130.0,,,,28.45,29.46,-3.43,9670956949.0,19.33,82.754,3.298,0.39
SH688512,慧智微-U,科创板,3646.0,0.16483516483516483,6.0,,,,15.72,16.35,-3.85,7755972428.0,11.15,-25.817,4.31,
SZ301238,瑞泰新材,创业板,20353.0,0.1624015748031496,33.0,,,,17.43,16.48,5.76,12781999419.0,5.26,39.775,1.753,3.041
SZ001209,洪兴股份,深市主板,6199.0,0.16157699143641946,10.0,,,,19.27,19.43,-0.82,2534442814.0,3.03,99.933,1.966,0.607
SH688046,药康生物,科创板,6841.0,0.16105417276720352,11.0,,,,34.63,35.5,-2.45,14204748106.0,2.15,77.815,6.265,0.921
SH600926,杭州银行,沪市主板,71005.0,0.1593973932178525,113.0,,,,17.15,17.43,-1.61,124320393698.0,0.63,6.16,0.864,4.315
SZ002259,升达林业,深市主板,11962.0,0.15908900611236707,19.0,,,,5.1,5.15,-0.97,3836874162.0,4.86,18.514,8.151,
SZ300457,赢合科技,创业板,65173.0,0.1582910711541417,103.0,,,,22.72,21.9,3.74,14655919241.0,5.09,23.721,2.06,0.37
SZ301580,爱迪特,创业板,14633.0,0.15742642026009582,23.0,,,,46.5,48.28,-3.69,6937351322.0,5.81,33.242,3.17,0.708
SH603355,莱克电气,沪市主板,23292.0,0.15479876160990713,36.0,,,,32.27,32.44,-0.52,18503518383.0,0.73,30.663,3.15,
SH603107,上海汽配,沪市主板,3957.0,0.15186028853454822,6.0,,,,12.29,12.42,-1.05,4145847150.0,1.14,30.512,1.976,2.441
SH603669,灵康药业,沪市主板,22707.0,0.14995809994266307,34.0,,,,6.96,6.64,4.82,4958021918.0,6.55,-36.351,8.535,
SH688609,九联科技,科创板,20821.0,0.1491101491101491,31.0,,,,8.6,8.6,0.0,4488794923.0,3.82,-85.512,4.56,
SH688639,华恒生物,科创板,12853.0,0.1480442574411719,19.0,,,,19.34,18.76,3.09,4837237503.0,3.86,40.863,1.787,0.827
SZ002672,东江环保,深市主板,24430.0,0.14757727309994262,36.0,,,,3.9,3.83,1.83,4310497628.0,3.31,-3.528,2.041,
SH601058,赛轮轮胎,沪市主板,95674.0,0.14654468566164927,140.0,,,,13.19,12.94,1.93,43370042416.0,1.0,11.261,1.914,2.502
SZ001333,光华股份,深市主板,3420.0,0.14641288433382138,5.0,,,,20.62,20.52,0.49,2639360000.0,2.85,24.535,1.511,1.746
SZ002149,西部材料,深市主板,81493.0,0.14623835623172018,119.0,,,,32.7,33.62,-2.74,15964606760.0,9.34,183.511,2.416,0.459
SZ003013,地铁设计,深市主板,7534.0,0.14621826399042934,11.0,,,,17.13,17.35,-1.27,7861447209.0,2.83,21.133,2.375,1.816
SH688607,康众科技,科创板,4156.0,0.14457831325301204,6.0,,,,36.4,35.24,3.29,3207896583.0,2.18,-108.245,3.828,
SZ301656,联合动力,创业板,5566.0,0.1439366678661389,8.0,,,,13.68,13.77,-0.65,33402882269.0,2.07,67.31,3.488,0.307
SZ000993,闽东电力,深市主板,57759.0,0.14217105605353952,82.0,,,,17.89,17.74,0.85,8192751530.0,15.8,479.017,3.246,1.006
SH603630,拉芳家化,沪市主板,18414.0,0.14139656297585382,26.0,,,,16.27,15.81,2.91,3664078517.0,13.47,-10972.695,1.925,0.424
SH600863,华能蒙电,沪市主板,102697.0,0.1413916842187378,145.0,,,,5.18,5.1,1.57,40586281921.0,3.19,19.656,2.04,4.247
SH605287,德才股份,沪市主板,7084.0,0.14136273678258413,10.0,,,,40.18,36.53,9.99,5625200000.0,6.61,83.884,3.532,0.124
SH688293,奥浦迈,科创板,7204.0,0.13900472616068948,10.0,,,,71.5,72.56,-1.46,10166885229.0,5.36,79.315,3.236,0.559
SH600847,万里股份,沪市主板,14464.0,0.13846579894765992,20.0,,,,13.18,13.1,0.61,2020327932.0,6.67,-28.426,4.421,
SZ300740,水羊股份,创业板,51734.0,0.13742910787217158,71.0,,,,22.3,21.98,1.46,9809823052.0,11.08,87.466,3.849,0.395
SZ301168,通灵股份,创业板,6563.0,0.137320720170888,9.0,,,,42.18,42.02,0.38,5061600000.0,2.75,-1923.072,2.384,0.052
SH605169,洪通燃气,沪市主板,10954.0,0.13712405155864338,15.0,,,,13.2,13.52,-2.37,3734016000.0,1.83,25.288,1.814,1.485
SH600573,惠泉啤酒,沪市主板,38069.0,0.1367809138017203,52.0,,,,11.76,11.11,5.85,2940000000.0,8.61,32.961,2.128,0.85
SH603980,吉华集团,沪市主板,13330.0,0.13521634615384615,18.0,,,,9.27,9.0,3.0,6274245247.0,8.18,64.681,1.621,1.586
SZ000498,山东路桥,深市主板,33574.0,0.13421217453547674,45.0,,,,6.33,6.12,3.43,9826962266.0,5.17,5.093,0.545,3.539
SH603099,长白山,沪市主板,44959.0,0.1336332657742934,60.0,,,,42.82,43.12,-0.7,11662277925.0,5.27,87.906,7.771,0.339
SZ301358,湖南裕能,创业板,38447.0,0.13282633607667466,51.0,,,,52.32,51.2,2.19,44353320347.0,4.08,11.426,2.177,0.677
SZ300072,海新能科,创业板,107599.0,0.13214588160845733,142.0,,,,3.81,3.82,-0.26,8952434351.0,2.34,-13.887,1.74,
SH603889,新澳股份,沪市主板,16102.0,0.13058889372551458,21.0,,,,6.34,6.24,1.6,6017957646.0,1.27,11.251,1.601,4.243
SH688772,珠海冠宇,科创板,13071.0,0.1302282825187682,17.0,,,,13.94,13.9,0.29,15867617959.0,1.55,104.651,2.333,2.116
SH605020,永和股份,沪市主板,32362.0,0.12995049504950495,42.0,,,,30.7,29.94,2.54,15682134796.0,2.63,19.526,2.597,2.274
SH600903,贵州燃气,沪市主板,42541.0,0.12945440851103893,55.0,,,,6.79,6.84,-0.73,7903488277.0,3.64,435.899,2.539,0.368
SZ001872,招商港口,深市主板,20151.0,0.12919254658385093,26.0,,,,24.63,24.61,0.08,61135312260.0,0.14,12.828,0.937,4.056
SH603567,珍宝岛,沪市主板,17051.0,0.129191379411592,22.0,,,,5.4,5.26,2.66,5077270550.0,5.19,-3.256,0.845,
SZ301292,海科新源,创业板,20229.0,0.1286937583527199,26.0,,,,61.28,57.86,5.91,13652925276.0,25.31,49.286,4.406,
SH688517,金冠电气,科创板,4709.0,0.1275781416117372,6.0,,,,17.65,18.23,-3.18,2411222698.0,6.01,42.447,3.228,2.731
SZ301065,本立科技,创业板,3154.0,0.12698412698412698,4.0,,,,19.88,20.13,-1.24,2107677600.0,2.19,26.7,1.512,1.469
SZ301456,盘古智能,创业板,3181.0,0.12590494176896444,4.0,,,,24.24,24.79,-2.22,3686645238.0,5.28,38.575,1.638,0.825
SZ300972,万辰集团,创业板,19944.0,0.12550830865003262,25.0,,,,160.88,157.23,2.32,31757998688.0,1.25,15.247,11.776,0.694
SH688105,诺唯赞,科创板,16081.0,0.12452524749392939,20.0,,,,26.6,26.2,1.53,13751802702.0,3.59,-1566.229,3.809,1.444
SH603352,至信股份,沪市主板,1611.0,0.1243008079552517,2.0,,,,25.52,25.0,2.08,5784533342.0,3.0,30.934,1.954,0.431
SZ301548,崇德科技,创业板,4032.0,0.12416190712689348,5.0,,,,51.23,52.55,-2.51,4457010000.0,5.94,31.983,2.819,1.204
SZ002911,佛燃能源,深市主板,21824.0,0.1238702573748681,27.0,,,,11.56,11.73,-1.45,15006912595.0,0.84,14.284,3.394,4.498
SH600094,大名城,沪市主板,19581.0,0.12271820831415861,24.0,,,,4.43,4.39,0.91,10299528699.0,2.29,85.77,1.001,
SZ001221,悍高集团,深市主板,4100.0,0.1221001221001221,5.0,,,,34.17,32.54,5.01,13668341700.0,4.83,18.714,4.495,2.195
SH603682,锦和商管,沪市主板,13215.0,0.12122130464429125,16.0,,,,9.01,9.12,-1.21,4257225000.0,5.17,-24.829,6.411,2.442
SZ001279,强邦新材,深市主板,4149.0,0.12065637065637065,5.0,,,,26.97,26.8,0.63,4315200000.0,3.28,128.575,4.293,0.697
SZ002959,小熊电器,深市主板,85518.0,0.11941556617027255,102.0,,,,37.17,37.5,-0.88,5792332830.0,4.6,18.812,1.999,3.481
SZ000020,深华发A,深市主板,16868.0,0.11870845204178537,20.0,,,,14.34,14.67,-2.25,4060531995.0,10.79,137.613,9.074,
SH688729,屹唐股份,科创板,6755.0,0.11857121683711278,8.0,,,,20.43,20.7,-1.3,60382090800.0,1.74,84.019,6.611,0.132
SH600236,桂冠电力,沪市主板,34809.0,0.1179245283018868,41.0,,,,9.93,9.87,0.61,78272011574.0,0.2,20.326,4.326,3.656
SZ003816,中国广核,深市主板,91505.0,0.11707039541346638,107.0,,,,4.43,4.41,0.45,223709791698.0,0.34,22.543,1.809,1.941
SZ000582,北部湾港,深市主板,54507.0,0.11571523032841084,63.0,,,,8.97,8.97,0.0,22578247786.0,0.0,21.2,1.099,1.761
SZ002948,青岛银行,深市主板,19905.0,0.1156825269087617,23.0,,,,6.14,6.27,-2.07,35736978005.0,1.29,6.224,0.818,2.932
SH600930,华电新能,沪市主板,24265.0,0.11552584890869332,28.0,,,,3.97,3.98,-0.25,165605714285.0,1.2,34.058,1.493,0.756
SH600227,赤天化,沪市主板,33919.0,0.11511216056670603,39.0,,,,4.12,4.04,1.98,6957558062.0,17.53,-36.976,3.009,
SH603686,福龙马,沪市主板,55795.0,0.11483734366869428,64.0,,,,14.8,15.1,-1.99,6148369979.0,8.93,37.956,1.762,0.764
SZ002940,昂利康,深市主板,15778.0,0.11421319796954316,18.0,,,,23.2,23.89,-2.89,4680093915.0,5.37,40.895,2.828,0.629
SZ301015,百洋医药,创业板,12273.0,0.11420181091443021,14.0,,,,25.94,25.94,0.0,13634688557.0,1.58,25.428,5.941,2.201
SZ002467,二六三,深市主板,57914.0,0.11409210344350712,66.0,,,,5.2,5.15,0.97,7151933740.0,8.66,-21.066,4.625,
SH600577,精达股份,沪市主板,61787.0,0.11342093750506343,70.0,,,,8.66,8.84,-2.04,19327512167.0,3.53,31.295,2.961,1.016
SZ000703,恒逸石化,深市主板,53291.0,0.11271627435141178,60.0,,,,16.29,16.29,0.0,66977784289.0,1.27,11.289,2.088,5.267
SH603685,晨丰科技,沪市主板,7174.0,0.11163829193413341,8.0,,,,28.1,26.17,7.37,7107910961.0,2.8,247.643,3.562,0.107
SH688036,传音控股,科创板,46825.0,0.11117525067881043,52.0,,,,48.95,46.1,6.18,56350483478.0,1.65,17.939,2.662,3.473
SH600901,江苏金租,沪市主板,28047.0,0.1106510565391205,31.0,,,,7.0,6.99,0.14,40543065017.0,0.51,11.975,1.573,2.429
SZ301295,美硕科技,创业板,1815.0,0.11031439602868175,2.0,,,,34.21,34.89,-1.95,3448368000.0,5.9,69.654,3.521,0.614
SH600593,大连圣亚,沪市主板,26330.0,0.11026196722558076,29.0,,,,48.7,48.97,-0.55,6352671500.0,8.77,107.001,30.132,
SZ001286,陕西能源,深市主板,30095.0,0.10977313551992549,33.0,,,,9.94,9.66,2.9,37275000000.0,2.22,12.327,1.404,4.125
SZ000415,渤海租赁,深市主板,42180.0,0.10917548772962453,46.0,,,,4.01,3.98,0.75,24799930341.0,1.22,5.148,0.791,
SH603529,爱玛科技,沪市主板,40572.0,0.10856691669956574,44.0,,,,23.28,22.89,1.7,20119702380.0,1.54,13.531,2.054,4.003
SH600368,五洲交通,沪市主板,27698.0,0.10842850946942316,30.0,,,,4.24,4.27,-0.7,6824932358.0,1.25,12.317,0.934,3.278
SH605011,杭州热电,沪市主板,27735.0,0.10828370330265295,30.0,,,,18.94,19.11,-0.89,7577894000.0,3.7,44.092,3.047,0.792
SH603376,大明电子,沪市主板,1851.0,0.1081665765278529,2.0,,,,28.15,26.85,4.84,11260028150.0,12.55,67.782,6.576,0.533
SH688718,唯赛勃,科创板,2783.0,0.1079136690647482,3.0,,,,14.3,14.56,-1.79,2484687763.0,1.17,47.005,3.034,0.804
SH601717,中创智领,沪市主板,57560.0,0.1078298375595673,62.0,,,,13.79,13.35,3.3,24620665035.0,1.71,7.281,1.039,9.065
SZ301398,星源卓镁,创业板,11197.0,0.10728654447921322,12.0,,,,36.49,36.8,-0.84,4086934516.0,4.37,-74.252,3.962,0.411
SZ301598,博科测试,创业板,2804.0,0.10710460549803642,3.0,,,,50.3,50.83,-1.04,2962530317.0,3.36,22.209,2.987,1.988
SZ301446,福事特,创业板,1871.0,0.1070090957731407,2.0,,,,37.39,38.4,-2.63,3888560000.0,3.59,55.116,3.179,0.669
SZ300927,江天化学,创业板,11267.0,0.10661928031985785,12.0,,,,27.11,27.38,-0.99,3913599600.0,6.05,49.751,3.832,0.277
SH605338,巴比食品,沪市主板,28196.0,0.10651139671944898,30.0,,,,18.98,18.77,1.12,4546975245.0,1.22,16.472,2.081,6.322
SZ301498,乖宝宠物,创业板,27452.0,0.10575064726689276,29.0,,,,39.78,39.27,1.3,15930809575.0,2.84,32.795,3.403,1.257
SH688129,东来技术,科创板,2843.0,0.10563380281690139,3.0,,,,22.39,22.37,0.09,2697520332.0,0.82,26.46,2.541,1.139
SH688825,长鑫科技,科创板,169700.0,0.10500112079848042,178.0,,,,51.0,50.52,0.95,3462089052927.0,6.73,42.318,17.222,
SH688184,ST帕瓦,科创板,1922.0,0.10416666666666667,2.0,,,,10.87,10.9,-0.28,1703632643.0,0.69,-3.442,1.549,
SZ300851,交大思诺,创业板,2893.0,0.10380622837370243,3.0,,,,24.75,25.13,-1.51,2151601650.0,2.32,26.527,1.661,2.747
SZ301216,万凯新材,创业板,8731.0,0.10318734235267141,9.0,,,,16.89,17.11,-1.29,9799677296.0,2.59,14.51,1.494,0.888
SZ000690,宝新能源,深市主板,53837.0,0.10226469822617232,55.0,,,,5.59,5.5,1.64,12163213149.0,7.56,11.071,0.936,3.578
SH688349,三一重能,科创板,7845.0,0.10207987750414699,8.0,,,,13.59,13.3,2.18,21653439705.0,0.93,29.448,1.55,2.09
SZ301032,新柴股份,创业板,4921.0,0.10170870626525631,5.0,,,,10.39,10.45,-0.57,2505376026.0,3.91,22.161,1.976,1.251
SZ002832,比音勒芬,深市主板,41403.0,0.10154493363313266,42.0,,,,27.74,26.68,3.97,15831414510.0,2.96,25.251,2.919,2.596
SH600989,宝丰能源,沪市主板,151547.0,0.10039961689619868,152.0,,,,23.25,23.32,-0.3,170500620000.0,0.79,11.1,3.088,3.583
SZ300915,海融科技,创业板,6993.0,0.1002004008016032,7.0,,,,24.13,23.78,1.47,3036501537.0,3.6,-340.572,2.035,1.654
SZ001228,永泰运,深市主板,8007.0,0.10001250156269534,8.0,,,,38.67,37.95,1.9,4016444430.0,4.02,39.804,2.265,1.484
